antecedents_str,consequents_str,support,confidence,lift,leverage,conviction,antecedents,consequents
"Keyboard, Laptop Bag, USB-C Hub","Laptop, Mouse",0.024254708601881163,0.6844473007712082,5.094659523573992,0.019493898092434975,2.7432944426491392,"frozenset({'Keyboard', 'Laptop Bag', 'USB-C Hub'})","frozenset({'Mouse', 'Laptop'})"
"Laptop, Mouse","Keyboard, Laptop Bag, USB-C Hub",0.024254708601881163,0.1805390744193931,5.094659523573992,0.019493898092434975,1.1770702464502953,"frozenset({'Mouse', 'Laptop'})","frozenset({'Keyboard', 'Laptop Bag', 'USB-C Hub'})"
"Keyboard, Laptop Bag, Mouse","Laptop, USB-C Hub",0.024254708601881163,0.3975363941769317,5.075727110181708,0.01947614031494013,1.5298499659781326,"frozenset({'Mouse', 'Keyboard', 'Laptop Bag'})","frozenset({'Laptop', 'USB-C Hub'})"
"Laptop, USB-C Hub","Keyboard, Laptop Bag, Mouse",0.024254708601881163,0.30968304739749924,5.075727110181708,0.01947614031494013,1.3602265564821845,"frozenset({'Laptop', 'USB-C Hub'})","frozenset({'Mouse', 'Keyboard', 'Laptop Bag'})"
"Laptop Bag, Mouse, USB-C Hub","Keyboard, Laptop",0.024254708601881163,0.6787762906309751,5.055018342149845,0.019456564072980027,2.6950759362707934,"frozenset({'Mouse', 'Laptop Bag', 'USB-C Hub'})","frozenset({'Keyboard', 'Laptop'})"
"Keyboard, Laptop","Laptop Bag, Mouse, USB-C Hub",0.024254708601881163,0.18063093622795115,5.055018342149845,0.019456564072980027,1.1768408759843676,"frozenset({'Keyboard', 'Laptop'})","frozenset({'Mouse', 'Laptop Bag', 'USB-C Hub'})"
"Keyboard, Mouse, USB-C Hub","Laptop, Laptop Bag",0.024254708601881163,0.6693903205531112,5.040689347481831,0.01944292455214637,2.623040635285541,"frozenset({'Keyboard', 'Mouse', 'USB-C Hub'})","frozenset({'Laptop', 'Laptop Bag'})"
"Laptop, Laptop Bag","Keyboard, Mouse, USB-C Hub",0.024254708601881163,0.18264448636597494,5.040689347481831,0.01944292455214637,1.1791270193370111,"frozenset({'Laptop', 'Laptop Bag'})","frozenset({'Keyboard', 'Mouse', 'USB-C Hub'})"
"Laptop, Mouse, USB-C Hub","Keyboard, Laptop Bag",0.024254708601881163,0.4574742268041237,5.031872701588744,0.019434493536777654,1.6756525547952255,"frozenset({'Mouse', 'Laptop', 'USB-C Hub'})","frozenset({'Keyboard', 'Laptop Bag'})"
"Keyboard, Laptop Bag","Laptop, Mouse, USB-C Hub",0.024254708601881163,0.26678356713426854,5.031872701588744,0.019434493536777654,1.2915439619768945,"frozenset({'Keyboard', 'Laptop Bag'})","frozenset({'Mouse', 'Laptop', 'USB-C Hub'})"
"External SSD, Laptop Bag, Mouse","Keyboard, Laptop",0.022318886788585485,0.6744666207845836,5.022923143153033,0.017875480797193928,2.659396377006318,"frozenset({'Mouse', 'Laptop Bag', 'External SSD'})","frozenset({'Keyboard', 'Laptop'})"
"Keyboard, Laptop","External SSD, Laptop Bag, Mouse",0.022318886788585485,0.1662143826322931,5.022923143153033,0.017875480797193928,1.1596612055174915,"frozenset({'Keyboard', 'Laptop'})","frozenset({'Mouse', 'Laptop Bag', 'External SSD'})"
"External SSD, Keyboard, Laptop Bag","Laptop, Mouse",0.022318886788585485,0.6726149622512011,5.006585926002371,0.017860981317979384,2.644146391386073,"frozenset({'Keyboard', 'Laptop Bag', 'External SSD'})","frozenset({'Mouse', 'Laptop'})"
"Laptop, Mouse","External SSD, Keyboard, Laptop Bag",0.022318886788585485,0.16612985251737583,5.006585926002371,0.017860981317979384,1.1594344030679318,"frozenset({'Mouse', 'Laptop'})","frozenset({'Keyboard', 'Laptop Bag', 'External SSD'})"
"Keyboard, Laptop Bag, Mouse, USB-C Hub",Laptop,0.024254708601881163,1.0,5.005585955312357,0.019409180262458685,inf,"frozenset({'Mouse', 'Keyboard', 'Laptop Bag', 'USB-C Hub'})",frozenset({'Laptop'})
"External SSD, Keyboard, Laptop Bag, Mouse",Laptop,0.022318886788585485,1.0,5.005585955312357,0.017860090757943203,inf,"frozenset({'Mouse', 'Keyboard', 'Laptop Bag', 'External SSD'})",frozenset({'Laptop'})
Laptop,"Keyboard, Laptop Bag, Mouse, USB-C Hub",0.024254708601881163,0.12140902872777017,5.005585955312357,0.019409180262458685,1.1105796932845853,frozenset({'Laptop'}),"frozenset({'Mouse', 'Keyboard', 'Laptop Bag', 'USB-C Hub'})"
Laptop,"External SSD, Keyboard, Laptop Bag, Mouse",0.022318886788585485,0.11171910624715002,5.005585955312357,0.017860090757943203,1.1006440868956016,frozenset({'Laptop'}),"frozenset({'Mouse', 'Keyboard', 'Laptop Bag', 'External SSD'})"
"Keyboard, Laptop Bag, USB-C Hub",Laptop,0.03536860324762577,0.9980719794344474,4.995935082647874,0.028289127101014153,415.0490939594906,"frozenset({'Keyboard', 'Laptop Bag', 'USB-C Hub'})",frozenset({'Laptop'})
Laptop,"Keyboard, Laptop Bag, USB-C Hub",0.03536860324762577,0.1770405836753306,4.995935082647874,0.028289127101014153,1.1720663917271688,frozenset({'Laptop'}),"frozenset({'Keyboard', 'Laptop Bag', 'USB-C Hub'})"
"External SSD, Keyboard, Laptop Bag",Laptop,0.03311394019449316,0.9979409746053535,4.995279326715283,0.026484893442813767,388.64172872683736,"frozenset({'Keyboard', 'External SSD', 'Laptop Bag'})",frozenset({'Laptop'})
Laptop,"External SSD, Keyboard, Laptop Bag",0.03311394019449316,0.16575467396260832,4.995279326715283,0.026484893442813767,1.1589129798005617,frozenset({'Laptop'}),"frozenset({'Keyboard', 'External SSD', 'Laptop Bag'})"
"Keyboard, Laptop Bag, Mouse",Laptop,0.06073925618893621,0.9955207166853305,4.9831645176625825,0.04855036377455798,178.6498269147611,"frozenset({'Mouse', 'Laptop Bag', 'Keyboard'})",frozenset({'Laptop'})
Laptop,"Keyboard, Laptop Bag, Mouse",0.06073925618893621,0.3040355677154583,4.9831645176625825,0.04855036377455798,1.3491888489724924,frozenset({'Laptop'}),"frozenset({'Mouse', 'Laptop Bag', 'Keyboard'})"
"Keyboard, Laptop Bag, Mouse","External SSD, Laptop",0.022318886788585485,0.36580813736468837,4.979004805810943,0.01783628681950384,1.4609614584800439,"frozenset({'Mouse', 'Keyboard', 'Laptop Bag'})","frozenset({'Laptop', 'External SSD'})"
"External SSD, Laptop","Keyboard, Laptop Bag, Mouse",0.022318886788585485,0.3037817730936144,4.979004805810943,0.01783628681950384,1.3486970249143342,"frozenset({'Laptop', 'External SSD'})","frozenset({'Mouse', 'Keyboard', 'Laptop Bag'})"
"Keyboard, Laptop Bag","Laptop, Mouse",0.06073925618893621,0.6680861723446895,4.972876036867769,0.04852514593590975,2.608068402188575,"frozenset({'Keyboard', 'Laptop Bag'})","frozenset({'Mouse', 'Laptop'})"
"Laptop, Mouse","Keyboard, Laptop Bag",0.06073925618893621,0.4521105272080014,4.972876036867769,0.04852514593590975,1.6592483393873332,"frozenset({'Mouse', 'Laptop'})","frozenset({'Keyboard', 'Laptop Bag'})"
"Keyboard, Mouse, USB-C Hub",Laptop,0.03598351135302558,0.993086109365179,4.970977881454132,0.028744792491033875,115.74137213534463,"frozenset({'Mouse', 'Keyboard', 'USB-C Hub'})",frozenset({'Laptop'})
Laptop,"Keyboard, Mouse, USB-C Hub",0.03598351135302558,0.1801185590515276,4.970977881454132,0.028744792491033875,1.175494312220357,frozenset({'Laptop'}),"frozenset({'Mouse', 'Keyboard', 'USB-C Hub'})"
"External SSD, Laptop Bag, Mouse",Laptop,0.032840647703204356,0.9924294562973158,4.967690948080123,0.026229800118996976,105.70220849318429,"frozenset({'Mouse', 'External SSD', 'Laptop Bag'})",frozenset({'Laptop'})
Laptop,"External SSD, Laptop Bag, Mouse",0.032840647703204356,0.16438668490652075,4.967690948080123,0.026229800118996976,1.157124733072993,frozenset({'Laptop'}),"frozenset({'Mouse', 'External SSD', 'Laptop Bag'})"
"Laptop, USB-C Hub","Keyboard, Laptop Bag",0.03536860324762577,0.4515847630125036,4.967093025830667,0.02824801922318807,1.6576576225190693,"frozenset({'Laptop', 'USB-C Hub'})","frozenset({'Keyboard', 'Laptop Bag'})"
"Keyboard, Laptop Bag","Laptop, USB-C Hub",0.03536860324762577,0.38902805611222446,4.967093025830667,0.02824801922318807,1.508545418643282,"frozenset({'Keyboard', 'Laptop Bag'})","frozenset({'Laptop', 'USB-C Hub'})"
"External SSD, Keyboard, Mouse",Laptop,0.0341160126625521,0.9920529801324504,4.9658064642767625,0.027245826941868584,100.69475126587598,"frozenset({'Keyboard', 'Mouse', 'External SSD'})",frozenset({'Laptop'})
Laptop,"External SSD, Keyboard, Mouse",0.0341160126625521,0.17077063383492933,4.9658064642767625,0.027245826941868584,1.1644675577660857,frozenset({'Laptop'}),"frozenset({'Keyboard', 'Mouse', 'External SSD'})"
"Laptop Bag, Mouse, USB-C Hub",Laptop,0.03543692637044797,0.9917144678138942,4.964112011769298,0.02829830292955232,96.5807833333621,"frozenset({'Mouse', 'Laptop Bag', 'USB-C Hub'})",frozenset({'Laptop'})
Laptop,"Laptop Bag, Mouse, USB-C Hub",0.03543692637044797,0.17738258093935247,4.964112011769298,0.02829830292955232,1.1721937615484634,frozenset({'Laptop'}),"frozenset({'Mouse', 'Laptop Bag', 'USB-C Hub'})"
"External SSD, Laptop","Keyboard, Laptop Bag",0.03311394019449316,0.4507129572225667,4.957503817306033,0.026434381002043022,1.6550266565568326,"frozenset({'Laptop', 'External SSD'})","frozenset({'Keyboard', 'Laptop Bag'})"
"Keyboard, Laptop Bag","External SSD, Laptop",0.03311394019449316,0.3642284569138277,4.957503817306033,0.026434381002043022,1.4573314560357395,"frozenset({'Keyboard', 'Laptop Bag'})","frozenset({'Laptop', 'External SSD'})"
"External SSD, Laptop, Mouse","Keyboard, Laptop Bag",0.022318886788585485,0.44995408631772266,4.9491568076465144,0.01780925259107885,1.6527432988494835,"frozenset({'Mouse', 'Laptop', 'External SSD'})","frozenset({'Keyboard', 'Laptop Bag'})"
"Keyboard, Laptop Bag","External SSD, Laptop, Mouse",0.022318886788585485,0.24549098196392788,4.9491568076465144,0.01780925259107885,1.2596236626898014,"frozenset({'Keyboard', 'Laptop Bag'})","frozenset({'Mouse', 'Laptop', 'External SSD'})"
"Laptop Bag, USB-C Hub","Keyboard, Laptop, Mouse",0.024254708601881163,0.45012679628064245,4.934985642418659,0.01933985973314285,1.652723982338639,"frozenset({'Laptop Bag', 'USB-C Hub'})","frozenset({'Mouse', 'Keyboard', 'Laptop'})"
"Keyboard, Laptop, Mouse","Laptop Bag, USB-C Hub",0.024254708601881163,0.26591760299625467,4.934985642418659,0.01933985973314285,1.2888414629328466,"frozenset({'Mouse', 'Keyboard', 'Laptop'})","frozenset({'Laptop Bag', 'USB-C Hub'})"
"Keyboard, USB-C Hub","Laptop, Laptop Bag, Mouse",0.024254708601881163,0.43953776310359055,4.9083579959602135,0.019313196873958337,1.624464772856139,"frozenset({'Keyboard', 'USB-C Hub'})","frozenset({'Mouse', 'Laptop', 'Laptop Bag'})"
"Laptop, Laptop Bag, Mouse","Keyboard, USB-C Hub",0.024254708601881163,0.27085452695829093,4.908357995960213,0.019313196873958337,1.2957876391833403,"frozenset({'Mouse', 'Laptop', 'Laptop Bag'})","frozenset({'Keyboard', 'USB-C Hub'})"
Laptop,"Keyboard, Laptop Bag",0.08907057778587534,0.44585043319653445,4.9040197072211,0.07090780864881005,1.6405042110595764,frozenset({'Laptop'}),"frozenset({'Keyboard', 'Laptop Bag'})"
"Keyboard, Laptop Bag",Laptop,0.08907057778587534,0.9797094188376754,4.904019707221099,0.07090780864881005,39.438160122970416,"frozenset({'Keyboard', 'Laptop Bag'})",frozenset({'Laptop'})
"Laptop Bag, USB-C Hub","Laptop, Mouse",0.03543692637044797,0.6576500422654269,4.895195067949251,0.028197801906855634,2.5285645480594128,"frozenset({'Laptop Bag', 'USB-C Hub'})","frozenset({'Mouse', 'Laptop'})"
"Laptop, Mouse","Laptop Bag, USB-C Hub",0.03543692637044797,0.2637735209357518,4.89519506794925,0.028197801906855634,1.2850880230090085,"frozenset({'Mouse', 'Laptop'})","frozenset({'Laptop Bag', 'USB-C Hub'})"
"External SSD, Laptop Bag","Keyboard, Laptop",0.03311394019449316,0.6570266606416629,4.893043358567636,0.026346385164245735,2.5241678869260418,"frozenset({'External SSD', 'Laptop Bag'})","frozenset({'Keyboard', 'Laptop'})"
"Keyboard, Laptop","External SSD, Laptop Bag",0.03311394019449316,0.24660786974219812,4.893043358567636,0.026346385164245735,1.2604330090447693,"frozenset({'Keyboard', 'Laptop'})","frozenset({'External SSD', 'Laptop Bag'})"
"Keyboard, Laptop","Laptop Bag, USB-C Hub",0.03536860324762577,0.26339891451831754,4.8882429998245165,0.028133160318766573,1.2844344776506382,"frozenset({'Keyboard', 'Laptop'})","frozenset({'Laptop Bag', 'USB-C Hub'})"
"Laptop Bag, USB-C Hub","Keyboard, Laptop",0.03536860324762577,0.6563820794590026,4.888242999824516,0.028133160318766573,2.519432886146029,"frozenset({'Laptop Bag', 'USB-C Hub'})","frozenset({'Keyboard', 'Laptop'})"
"External SSD, Keyboard, Mouse","Laptop, Laptop Bag",0.022318886788585485,0.6490066225165563,4.887194612944515,0.017752077288208653,2.4707093615999125,"frozenset({'Mouse', 'Keyboard', 'External SSD'})","frozenset({'Laptop', 'Laptop Bag'})"
"Laptop, Laptop Bag","External SSD, Keyboard, Mouse",0.022318886788585485,0.1680672268907563,4.887194612944515,0.017752077288208653,1.160683562491848,"frozenset({'Laptop', 'Laptop Bag'})","frozenset({'Mouse', 'Keyboard', 'External SSD'})"
"External SSD, Laptop Bag","Keyboard, Laptop, Mouse",0.022318886788585485,0.4428377767736105,4.855072144906982,0.017721862043649776,1.6311023848131532,"frozenset({'Laptop Bag', 'External SSD'})","frozenset({'Mouse', 'Keyboard', 'Laptop'})"
"Keyboard, Laptop, Mouse","External SSD, Laptop Bag",0.022318886788585485,0.2446941323345818,4.855072144906982,0.017721862043649776,1.2572394183387168,"frozenset({'Mouse', 'Keyboard', 'Laptop'})","frozenset({'Laptop Bag', 'External SSD'})"
"Laptop, Mouse","Keyboard, USB-C Hub",0.03598351135302558,0.26784200711985084,4.8537658648887865,0.028569987018585916,1.2904560222271566,"frozenset({'Mouse', 'Laptop'})","frozenset({'Keyboard', 'USB-C Hub'})"
"Keyboard, USB-C Hub","Laptop, Mouse",0.03598351135302558,0.6520841931489888,4.853765864888786,0.028569987018585916,2.4881133570570446,"frozenset({'Keyboard', 'USB-C Hub'})","frozenset({'Mouse', 'Laptop'})"
"External SSD, Keyboard","Laptop, Mouse",0.0341160126625521,0.6518711923411663,4.852180400832052,0.02708494418523376,2.486591017786787,"frozenset({'Keyboard', 'External SSD'})","frozenset({'Mouse', 'Laptop'})"
"Laptop, Mouse","External SSD, Keyboard",0.0341160126625521,0.2539413459908459,4.852180400832051,0.02708494418523376,1.2702278605383843,"frozenset({'Mouse', 'Laptop'})","frozenset({'Keyboard', 'External SSD'})"
"External SSD, Laptop Bag","Laptop, Mouse",0.032840647703204356,0.6516041572525983,4.850192734498108,0.026069649208728514,2.484685119463114,"frozenset({'External SSD', 'Laptop Bag'})","frozenset({'Mouse', 'Laptop'})"
"Laptop, Mouse","External SSD, Laptop Bag",0.032840647703204356,0.24444821156128158,4.850192734498108,0.026069649208728514,1.2568302057675702,"frozenset({'Mouse', 'Laptop'})","frozenset({'External SSD', 'Laptop Bag'})"
"Keyboard, Laptop, USB-C Hub","Laptop Bag, Mouse",0.024254708601881163,0.458656330749354,4.839976166035421,0.019243380494092365,1.6722017455171854,"frozenset({'Keyboard', 'Laptop', 'USB-C Hub'})","frozenset({'Mouse', 'Laptop Bag'})"
"Laptop Bag, Mouse","Keyboard, Laptop, USB-C Hub",0.024254708601881163,0.25594808940158614,4.83997616603542,0.019243380494092365,1.2729191195462215,"frozenset({'Mouse', 'Laptop Bag'})","frozenset({'Keyboard', 'Laptop', 'USB-C Hub'})"
Laptop,"External SSD, Laptop Bag",0.048623289075132664,0.24338805289557686,4.829157711067277,0.038554599671243514,1.2550691452410172,frozenset({'Laptop'}),"frozenset({'External SSD', 'Laptop Bag'})"
"External SSD, Laptop Bag",Laptop,0.048623289075132664,0.96475372797108,4.8291577110672765,0.038554599671243514,22.703768166213273,"frozenset({'External SSD', 'Laptop Bag'})",frozenset({'Laptop'})
"Keyboard, USB-C Hub","Laptop, Laptop Bag",0.03536860324762577,0.6409409822534049,4.826458170084849,0.02804053740695487,2.415209145979289,"frozenset({'Keyboard', 'USB-C Hub'})","frozenset({'Laptop', 'Laptop Bag'})"
"Laptop, Laptop Bag","Keyboard, USB-C Hub",0.03536860324762577,0.2663351054707597,4.826458170084849,0.02804053740695487,1.2878055065455776,"frozenset({'Laptop', 'Laptop Bag'})","frozenset({'Keyboard', 'USB-C Hub'})"
"Laptop Bag, USB-C Hub",Laptop,0.051948347719146415,0.9640743871513102,4.825757212200966,0.041183540159452914,22.27444782189903,"frozenset({'Laptop Bag', 'USB-C Hub'})",frozenset({'Laptop'})
Laptop,"Laptop Bag, USB-C Hub",0.051948347719146415,0.260031919744642,4.825757212200966,0.041183540159452914,1.2785900577509501,frozenset({'Laptop'}),"frozenset({'Laptop Bag', 'USB-C Hub'})"
"External SSD, Keyboard",Laptop,0.05028581839713954,0.9608355091383812,4.809544729908479,0.03983039668447019,20.4323654224267,"frozenset({'Keyboard', 'External SSD'})",frozenset({'Laptop'})
Laptop,"External SSD, Keyboard",0.05028581839713954,0.25170998632010944,4.809544729908479,0.03983039668447019,1.2664401109107863,frozenset({'Laptop'}),"frozenset({'Keyboard', 'External SSD'})"
"Laptop, Laptop Bag, USB-C Hub","Keyboard, Mouse",0.024254708601881163,0.46690048224462954,4.801202172102912,0.019202909545634035,1.6934050618743788,"frozenset({'Laptop', 'USB-C Hub', 'Laptop Bag'})","frozenset({'Keyboard', 'Mouse'})"
"Keyboard, Mouse","Laptop, Laptop Bag, USB-C Hub",0.024254708601881163,0.24941451990632316,4.801202172102912,0.019202909545634035,1.263082856548906,"frozenset({'Keyboard', 'Mouse'})","frozenset({'Laptop', 'USB-C Hub', 'Laptop Bag'})"
"Keyboard, USB-C Hub",Laptop,0.052882097064383154,0.9583161370202228,4.79693379621762,0.04185795136821352,19.197433530959245,"frozenset({'Keyboard', 'USB-C Hub'})",frozenset({'Laptop'})
Laptop,"Keyboard, USB-C Hub",0.052882097064383154,0.2647058823529412,4.79693379621762,0.04185795136821352,1.2849520599421531,frozenset({'Laptop'}),"frozenset({'Keyboard', 'USB-C Hub'})"
"External SSD, Laptop","Keyboard, Mouse",0.0341160126625521,0.46435213887166776,4.774997205085728,0.026971293786860192,1.685348691485674,"frozenset({'Laptop', 'External SSD'})","frozenset({'Keyboard', 'Mouse'})"
"Keyboard, Mouse","External SSD, Laptop",0.0341160126625521,0.3508196721311475,4.774997205085727,0.026971293786860192,1.4272303531339263,"frozenset({'Keyboard', 'Mouse'})","frozenset({'Laptop', 'External SSD'})"
"Laptop, USB-C Hub","Laptop Bag, Mouse",0.03543692637044797,0.45245710962489094,4.77455881435216,0.02801489477583743,1.6532692590080964,"frozenset({'Laptop', 'USB-C Hub'})","frozenset({'Mouse', 'Laptop Bag'})"
"Laptop Bag, Mouse","Laptop, USB-C Hub",0.03543692637044797,0.37394857005527515,4.774558814352159,0.02801489477583743,1.4722096025766778,"frozenset({'Mouse', 'Laptop Bag'})","frozenset({'Laptop', 'USB-C Hub'})"
"Laptop Bag, Mouse","Keyboard, Laptop",0.06073925618893621,0.6409516943042538,4.773329027341499,0.048014540201200315,2.411158263517071,"frozenset({'Mouse', 'Laptop Bag'})","frozenset({'Keyboard', 'Laptop'})"
"Keyboard, Laptop","Laptop Bag, Mouse",0.06073925618893621,0.45234056987788335,4.773329027341499,0.048014540201200315,1.6529174498899053,"frozenset({'Keyboard', 'Laptop'})","frozenset({'Mouse', 'Laptop Bag'})"
"External SSD, Keyboard","Laptop, Laptop Bag",0.03311394019449316,0.6327241079199305,4.764582893955793,0.026163921497893185,2.3611749159371946,"frozenset({'Keyboard', 'External SSD'})","frozenset({'Laptop', 'Laptop Bag'})"
"Laptop, Laptop Bag","External SSD, Keyboard",0.03311394019449316,0.2493568856113874,4.764582893955792,0.026163921497893185,1.2624701003086571,"frozenset({'Laptop', 'Laptop Bag'})","frozenset({'Keyboard', 'External SSD'})"
"External SSD, Keyboard","Laptop, Laptop Bag, Mouse",0.022318886788585485,0.4264577893820714,4.7622927451620995,0.01763230240939991,1.5874178804964647,"frozenset({'Keyboard', 'External SSD'})","frozenset({'Mouse', 'Laptop', 'Laptop Bag'})"
"Laptop, Laptop Bag, Mouse","External SSD, Keyboard",0.022318886788585485,0.24923702950152596,4.7622927451620995,0.01763230240939991,1.2622685523354813,"frozenset({'Mouse', 'Laptop', 'Laptop Bag'})","frozenset({'Keyboard', 'External SSD'})"
"Laptop Bag, Mouse",Laptop,0.08954883964563073,0.9449651526075462,4.730104296151932,0.07061715568287305,14.540299951437861,"frozenset({'Mouse', 'Laptop Bag'})",frozenset({'Laptop'})
Laptop,"Laptop Bag, Mouse",0.08954883964563073,0.4482444140446876,4.730104296151932,0.07061715568287305,1.6406464233221638,frozenset({'Laptop'}),"frozenset({'Mouse', 'Laptop Bag'})"
"Laptop, USB-C Hub","Keyboard, Mouse",0.03598351135302558,0.45943588252398954,4.7244426617671795,0.02836705499422072,1.6700209885644093,"frozenset({'Laptop', 'USB-C Hub'})","frozenset({'Mouse', 'Keyboard'})"
"Keyboard, Mouse","Laptop, USB-C Hub",0.03598351135302558,0.37002341920374704,4.724442661767179,0.02836705499422072,1.4630368095692332,"frozenset({'Mouse', 'Keyboard'})","frozenset({'Laptop', 'USB-C Hub'})"
"External SSD, Laptop, Laptop Bag","Keyboard, Mouse",0.022318886788585485,0.45901639344262296,4.720128997581295,0.017590438307617653,1.6687260222070854,"frozenset({'Laptop', 'External SSD', 'Laptop Bag'})","frozenset({'Keyboard', 'Mouse'})"
"Keyboard, Mouse","External SSD, Laptop, Laptop Bag",0.022318886788585485,0.22950819672131148,4.720128997581295,0.017590438307617653,1.2347655184344024,"frozenset({'Keyboard', 'Mouse'})","frozenset({'Laptop', 'External SSD', 'Laptop Bag'})"
"External SSD, Laptop","Laptop Bag, Mouse",0.032840647703204356,0.4469931804091755,4.716900638929702,0.025878311581013717,1.6369342955217105,"frozenset({'Laptop', 'External SSD'})","frozenset({'Mouse', 'Laptop Bag'})"
"Laptop Bag, Mouse","External SSD, Laptop",0.032840647703204356,0.3465513097813026,4.716900638929702,0.025878311581013717,1.4179076069182537,"frozenset({'Mouse', 'Laptop Bag'})","frozenset({'Laptop', 'External SSD'})"
"Case, Screen Protector",Smartphone,0.029766107176205335,0.9450469992769344,4.7154623512785125,0.02345365996344479,14.55035204388027,"frozenset({'Case', 'Screen Protector'})",frozenset({'Smartphone'})
Smartphone,"Case, Screen Protector",0.029766107176205335,0.14852272727272728,4.7154623512785125,0.02345365996344479,1.1374385099873079,frozenset({'Smartphone'}),"frozenset({'Case', 'Screen Protector'})"
"Keyboard, Mouse","Laptop, Laptop Bag",0.06073925618893621,0.6245901639344262,4.703332105675994,0.04782516574747325,2.3100157222743625,"frozenset({'Mouse', 'Keyboard'})","frozenset({'Laptop', 'Laptop Bag'})"
"Laptop, Laptop Bag","Keyboard, Mouse",0.06073925618893621,0.4573829531812725,4.703332105675994,0.04782516574747325,1.6637026557540464,"frozenset({'Laptop', 'Laptop Bag'})","frozenset({'Mouse', 'Keyboard'})"
"Chair, Desk Lamp",Desk,0.030449338404427338,0.9495738636363636,4.699598599910853,0.023970202419280662,15.82405095814359,"frozenset({'Chair', 'Desk Lamp'})",frozenset({'Desk'})
Desk,"Chair, Desk Lamp",0.030449338404427338,0.15069882777276825,4.699598599910853,0.023970202419280662,1.1396824974158188,frozenset({'Desk'}),"frozenset({'Chair', 'Desk Lamp'})"
"HDMI Cable, Monitor Arm",Monitor,0.028969004076612997,0.93598233995585,4.696919836013876,0.02280134418714849,12.507864619695459,"frozenset({'HDMI Cable', 'Monitor Arm'})",frozenset({'Monitor'})
Monitor,"HDMI Cable, Monitor Arm",0.028969004076612997,0.14537142857142857,4.696919836013876,0.02280134418714849,1.1338839558589868,frozenset({'Monitor'}),"frozenset({'HDMI Cable', 'Monitor Arm'})"
"Keyboard, Mouse",Laptop,0.09121136896763761,0.9379391100702575,4.694934836305852,0.07178375769126767,12.894162326286299,"frozenset({'Mouse', 'Keyboard'})",frozenset({'Laptop'})
Laptop,"Keyboard, Mouse",0.09121136896763761,0.4565663474692202,4.694934836305852,0.07178375769126767,1.6612026466259433,frozenset({'Laptop'}),"frozenset({'Mouse', 'Keyboard'})"
"External SSD, Keyboard, Laptop","Laptop Bag, Mouse",0.022318886788585485,0.44384057971014496,4.683632784064589,0.017553592877303112,1.6276553010175103,"frozenset({'Keyboard', 'Laptop', 'External SSD'})","frozenset({'Mouse', 'Laptop Bag'})"
"Laptop Bag, Mouse","External SSD, Keyboard, Laptop",0.022318886788585485,0.23552030761836099,4.683632784064589,0.017553592877303112,1.242301386246307,"frozenset({'Mouse', 'Laptop Bag'})","frozenset({'Keyboard', 'Laptop', 'External SSD'})"
"Case, Wireless Charger",Smartphone,0.027807510988635587,0.9370683039140445,4.675651381427476,0.021860208950872036,12.705608717363903,"frozenset({'Case', 'Wireless Charger'})",frozenset({'Smartphone'})
Smartphone,"Case, Wireless Charger",0.027807510988635587,0.13875,4.675651381427476,0.021860208950872036,1.1266473037107587,frozenset({'Smartphone'}),"frozenset({'Case', 'Wireless Charger'})"
"Mouse, USB-C Hub","Keyboard, Laptop, Laptop Bag",0.024254708601881163,0.4158531823506443,4.668805263061733,0.019059651786430418,1.5594186165042603,"frozenset({'Mouse', 'USB-C Hub'})","frozenset({'Keyboard', 'Laptop', 'Laptop Bag'})"
"Keyboard, Laptop, Laptop Bag","Mouse, USB-C Hub",0.024254708601881163,0.27230887241114804,4.668805263061733,0.019059651786430418,1.2940584154217756,"frozenset({'Keyboard', 'Laptop', 'Laptop Bag'})","frozenset({'Mouse', 'USB-C Hub'})"
"Screen Protector, Wireless Charger",Smartphone,0.02851351659113166,0.9336316181953765,4.658503491288726,0.022392770595244537,12.047687236703277,"frozenset({'Screen Protector', 'Wireless Charger'})",frozenset({'Smartphone'})
Smartphone,"Screen Protector, Wireless Charger",0.02851351659113166,0.14227272727272727,4.658503491288726,0.022392770595244537,1.1302655225313452,frozenset({'Smartphone'}),"frozenset({'Screen Protector', 'Wireless Charger'})"
"External SSD, USB-C Hub",Laptop,0.028536290965405726,0.9302152932442466,4.656272607280167,0.022407721319206594,11.46702803622387,"frozenset({'External SSD', 'USB-C Hub'})",frozenset({'Laptop'})
Laptop,"External SSD, USB-C Hub",0.028536290965405726,0.1428408572731418,4.656272607280166,0.022407721319206594,1.1308552514170822,frozenset({'Laptop'}),"frozenset({'External SSD', 'USB-C Hub'})"
Printer,"Ink Cartridge, Printer Paper",0.028445193468309458,0.14331612162937465,4.654487858449861,0.022333845811301517,1.131349696722266,frozenset({'Printer'}),"frozenset({'Printer Paper', 'Ink Cartridge'})"
"Ink Cartridge, Printer Paper",Printer,0.028445193468309458,0.9238165680473372,4.65448785844986,0.022333845811301517,10.52094015270328,"frozenset({'Printer Paper', 'Ink Cartridge'})",frozenset({'Printer'})
"Keyboard, USB-C Hub","Laptop Bag, Mouse",0.024254708601881163,0.43953776310359055,4.638227262705013,0.019025402828766497,1.6151593614199617,"frozenset({'Keyboard', 'USB-C Hub'})","frozenset({'Mouse', 'Laptop Bag'})"
"Laptop Bag, Mouse","Keyboard, USB-C Hub",0.024254708601881163,0.25594808940158614,4.638227262705013,0.019025402828766497,1.2698276527158618,"frozenset({'Mouse', 'Laptop Bag'})","frozenset({'Keyboard', 'USB-C Hub'})"
"Laptop Bag, USB-C Hub","Keyboard, Mouse",0.024254708601881163,0.45012679628064245,4.628716041659655,0.019014657498382388,1.641748344424652,"frozenset({'Laptop Bag', 'USB-C Hub'})","frozenset({'Mouse', 'Keyboard'})"
"Keyboard, Mouse","Laptop Bag, USB-C Hub",0.024254708601881163,0.24941451990632316,4.628716041659655,0.019014657498382388,1.2605037741330645,"frozenset({'Mouse', 'Keyboard'})","frozenset({'Laptop Bag', 'USB-C Hub'})"
"External SSD, Mouse","Keyboard, Laptop",0.0341160126625521,0.6195202646815551,4.613723762195116,0.026721549009981707,2.275344016825312,"frozenset({'Mouse', 'External SSD'})","frozenset({'Keyboard', 'Laptop'})"
"Keyboard, Laptop","External SSD, Mouse",0.0341160126625521,0.2540705563093623,4.613723762195116,0.026721549009981707,1.2667841053841036,"frozenset({'Keyboard', 'Laptop'})","frozenset({'Mouse', 'External SSD'})"
"Mouse, USB-C Hub","Keyboard, Laptop",0.03598351135302558,0.6169465052713784,4.594556326316308,0.02815174071024941,2.2600558438800626,"frozenset({'Mouse', 'USB-C Hub'})","frozenset({'Keyboard', 'Laptop'})"
"Keyboard, Laptop","Mouse, USB-C Hub",0.03598351135302558,0.26797829036635007,4.594556326316308,0.02815174071024941,1.2864028690561498,"frozenset({'Keyboard', 'Laptop'})","frozenset({'Mouse', 'USB-C Hub'})"
"Mouse, USB-C Hub","Laptop, Laptop Bag",0.03543692637044797,0.6075751659508004,4.575204589561601,0.02769149648272276,2.209856635880471,"frozenset({'Mouse', 'USB-C Hub'})","frozenset({'Laptop', 'Laptop Bag'})"
"Laptop, Laptop Bag","Mouse, USB-C Hub",0.03543692637044797,0.2668495969816498,4.575204589561601,0.02769149648272276,1.2844224372069881,"frozenset({'Laptop', 'Laptop Bag'})","frozenset({'Mouse', 'USB-C Hub'})"
"Mouse, USB-C Hub","Keyboard, Laptop Bag",0.024254708601881163,0.4158531823506443,4.574072490940491,0.018952057922443838,1.5562606359068092,"frozenset({'Mouse', 'USB-C Hub'})","frozenset({'Keyboard', 'Laptop Bag'})"
"Keyboard, Laptop Bag","Mouse, USB-C Hub",0.024254708601881163,0.26678356713426854,4.574072490940491,0.018952057922443838,1.284306768471673,"frozenset({'Keyboard', 'Laptop Bag'})","frozenset({'Mouse', 'USB-C Hub'})"
"External SSD, Laptop Bag","Keyboard, Mouse",0.022318886788585485,0.4428377767736105,4.553762046920951,0.017417689370139672,1.620270334593238,"frozenset({'Laptop Bag', 'External SSD'})","frozenset({'Keyboard', 'Mouse'})"
"Keyboard, Mouse","External SSD, Laptop Bag",0.022318886788585485,0.22950819672131148,4.553762046920951,0.017417689370139672,1.2324599764600193,"frozenset({'Keyboard', 'Mouse'})","frozenset({'Laptop Bag', 'External SSD'})"
"External SSD, Mouse","Keyboard, Laptop, Laptop Bag",0.022318886788585485,0.40529363110008276,4.5502526330794,0.017413909287703054,1.5317297238621375,"frozenset({'Mouse', 'External SSD'})","frozenset({'Keyboard', 'Laptop', 'Laptop Bag'})"
"Keyboard, Laptop, Laptop Bag","External SSD, Mouse",0.022318886788585485,0.25057530043467147,4.5502526330794,0.017413909287703054,1.2608759272991312,"frozenset({'Keyboard', 'Laptop', 'Laptop Bag'})","frozenset({'Mouse', 'External SSD'})"
Laptop,"Mouse, USB-C Hub",0.05301874331002756,0.265389876880985,4.550177315098465,0.0413667263360736,1.2818702027763278,frozenset({'Laptop'}),"frozenset({'Mouse', 'USB-C Hub'})"
"Mouse, USB-C Hub",Laptop,0.05301874331002756,0.9090199140960562,4.550177315098464,0.0413667263360736,8.79558620897277,"frozenset({'Mouse', 'USB-C Hub'})",frozenset({'Laptop'})
"External SSD, Mouse",Laptop,0.049602587168917536,0.9007444168734492,4.508753602427756,0.038601190432087915,8.062248627843955,"frozenset({'Mouse', 'External SSD'})",frozenset({'Laptop'})
Laptop,"External SSD, Mouse",0.049602587168917536,0.24829001367989056,4.508753602427756,0.038601190432087915,1.257042716209061,frozenset({'Laptop'}),"frozenset({'Mouse', 'External SSD'})"
"External SSD, Keyboard","Laptop Bag, Mouse",0.022318886788585485,0.4264577893820714,4.500200690693913,0.017359355353745408,1.578324684542949,"frozenset({'Keyboard', 'External SSD'})","frozenset({'Mouse', 'Laptop Bag'})"
"Laptop Bag, Mouse","External SSD, Keyboard",0.022318886788585485,0.23552030761836099,4.500200690693913,0.017359355353745408,1.2396202245292698,"frozenset({'Mouse', 'Laptop Bag'})","frozenset({'Keyboard', 'External SSD'})"
"External SSD, Mouse","Laptop, Laptop Bag",0.032840647703204356,0.5963606286186932,4.490756103930406,0.025527703748296292,2.1484589588974816,"frozenset({'Mouse', 'External SSD'})","frozenset({'Laptop', 'Laptop Bag'})"
"Laptop, Laptop Bag","External SSD, Mouse",0.032840647703204356,0.24729891956782712,4.490756103930406,0.025527703748296292,1.255387547022999,"frozenset({'Laptop', 'Laptop Bag'})","frozenset({'Mouse', 'External SSD'})"
"External SSD, Mouse","Keyboard, Laptop Bag",0.022318886788585485,0.40529363110008276,4.457925362718822,0.01731232320292385,1.5286278160759272,"frozenset({'Mouse', 'External SSD'})","frozenset({'Keyboard', 'Laptop Bag'})"
"Keyboard, Laptop Bag","External SSD, Mouse",0.022318886788585485,0.24549098196392788,4.457925362718822,0.01731232320292385,1.2523794155103531,"frozenset({'Keyboard', 'Laptop Bag'})","frozenset({'Mouse', 'External SSD'})"
"HDMI Cable, Mouse",Monitor,0.030745405269990207,0.7903981264637002,3.966353295416527,0.0229938503831577,3.820215018083998,"frozenset({'HDMI Cable', 'Mouse'})",frozenset({'Monitor'})
Monitor,"HDMI Cable, Mouse",0.030745405269990207,0.15428571428571428,3.966353295416527,0.0229938503831577,1.1364374292532529,frozenset({'Monitor'}),"frozenset({'HDMI Cable', 'Mouse'})"
"External SSD, Laptop, Mouse",Keyboard,0.0341160126625521,0.6877869605142333,3.938450397655121,0.025453719319245265,2.6435990611599127,"frozenset({'Mouse', 'Laptop', 'External SSD'})",frozenset({'Keyboard'})
Keyboard,"External SSD, Laptop, Mouse",0.0341160126625521,0.19535732916014606,3.938450397655121,0.025453719319245265,1.1811421979884507,frozenset({'Keyboard'}),"frozenset({'Mouse', 'Laptop', 'External SSD'})"
Laptop Bag,"Keyboard, Laptop, Mouse, USB-C Hub",0.024254708601881163,0.1415282392026578,3.933141427309811,0.018087956388632913,1.1229449035709724,frozenset({'Laptop Bag'}),"frozenset({'Mouse', 'Keyboard', 'Laptop', 'USB-C Hub'})"
"Keyboard, Laptop, Mouse, USB-C Hub",Laptop Bag,0.024254708601881163,0.6740506329113923,3.9331414273098106,0.018087956388632913,2.542182673919383,"frozenset({'Mouse', 'Keyboard', 'Laptop', 'USB-C Hub'})",frozenset({'Laptop Bag'})
"Laptop, Laptop Bag, Mouse, USB-C Hub",Keyboard,0.024254708601881163,0.6844473007712082,3.919326620965438,0.01806621987727812,2.6156204655629427,"frozenset({'Mouse', 'Laptop', 'USB-C Hub', 'Laptop Bag'})",frozenset({'Keyboard'})
Keyboard,"Laptop, Laptop Bag, Mouse, USB-C Hub",0.024254708601881163,0.13888888888888887,3.919326620965438,0.01806621987727812,1.120137762924641,frozenset({'Keyboard'}),"frozenset({'Mouse', 'Laptop', 'USB-C Hub', 'Laptop Bag'})"
"External SSD, Laptop",Keyboard,0.05028581839713954,0.6844389336639802,3.919278708692189,0.037455442673765875,2.615551112340262,"frozenset({'Laptop', 'External SSD'})",frozenset({'Keyboard'})
Keyboard,"External SSD, Laptop",0.05028581839713954,0.28794992175273865,3.919278708692189,0.037455442673765875,1.3012144747916456,frozenset({'Keyboard'}),"frozenset({'Laptop', 'External SSD'})"
"Monitor Arm, Mouse",Monitor,0.029879979047575667,0.7786350148367952,3.907323984739296,0.02223280692561268,3.6172126522700454,"frozenset({'Mouse', 'Monitor Arm'})",frozenset({'Monitor'})
Monitor,"Monitor Arm, Mouse",0.029879979047575667,0.14994285714285713,3.9073239847392958,0.02223280692561268,1.1312476901447603,frozenset({'Monitor'}),"frozenset({'Mouse', 'Monitor Arm'})"
"Keyboard, Mouse, USB-C Hub",Laptop Bag,0.024254708601881163,0.6693903205531112,3.905948117630108,0.01804502330360397,2.506347772315488,"frozenset({'Mouse', 'Keyboard', 'USB-C Hub'})",frozenset({'Laptop Bag'})
Laptop Bag,"Keyboard, Mouse, USB-C Hub",0.024254708601881163,0.1415282392026578,3.9059481176301074,0.01804502330360397,1.1226530848665552,frozenset({'Laptop Bag'}),"frozenset({'Mouse', 'Keyboard', 'USB-C Hub'})"
"Keyboard, Laptop, USB-C Hub",Laptop Bag,0.03536860324762577,0.6688199827734712,3.902620149315661,0.026305819298788786,2.5020314949161473,"frozenset({'Keyboard', 'Laptop', 'USB-C Hub'})",frozenset({'Laptop Bag'})
Laptop Bag,"Keyboard, Laptop, USB-C Hub",0.03536860324762577,0.20637873754152825,3.9026201493156605,0.026305819298788786,1.1934129637626452,frozenset({'Laptop Bag'}),"frozenset({'Keyboard', 'Laptop', 'USB-C Hub'})"
"Laptop, Mouse, USB-C Hub",Laptop Bag,0.03543692637044797,0.6683848797250859,3.9000812868902055,0.02635072437523156,2.498748648435288,"frozenset({'Mouse', 'Laptop', 'USB-C Hub'})",frozenset({'Laptop Bag'})
Laptop Bag,"Laptop, Mouse, USB-C Hub",0.03543692637044797,0.20677740863787375,3.9000812868902055,0.02635072437523156,1.1938405020258072,frozenset({'Laptop Bag'}),"frozenset({'Mouse', 'Laptop', 'USB-C Hub'})"
"External SSD, Laptop, Laptop Bag",Keyboard,0.03311394019449316,0.6810304449648712,3.8997607991604757,0.02462266549846006,2.5876014968750116,"frozenset({'Laptop', 'External SSD', 'Laptop Bag'})",frozenset({'Keyboard'})
Keyboard,"External SSD, Laptop, Laptop Bag",0.03311394019449316,0.1896191966614502,3.8997607991604757,0.02462266549846006,1.1739872255184878,frozenset({'Keyboard'}),"frozenset({'Laptop', 'External SSD', 'Laptop Bag'})"
"Laptop, Laptop Bag, USB-C Hub",Keyboard,0.03536860324762577,0.6808417360806664,3.898680202082157,0.026296660586430695,2.5860715242988817,"frozenset({'Laptop', 'USB-C Hub', 'Laptop Bag'})",frozenset({'Keyboard'})
Keyboard,"Laptop, Laptop Bag, USB-C Hub",0.03536860324762577,0.2025299947835159,3.898680202082157,0.026296660586430695,1.188824214176547,frozenset({'Keyboard'}),"frozenset({'Laptop', 'USB-C Hub', 'Laptop Bag'})"
"External SSD, Laptop, Laptop Bag, Mouse",Keyboard,0.022318886788585485,0.6796116504854369,3.8916364059943986,0.016583796338150016,2.576142669722574,"frozenset({'Mouse', 'Laptop', 'External SSD', 'Laptop Bag'})",frozenset({'Keyboard'})
Keyboard,"External SSD, Laptop, Laptop Bag, Mouse",0.022318886788585485,0.1278038601982264,3.8916364059943986,0.016583796338150016,1.1088782765268883,frozenset({'Keyboard'}),"frozenset({'Mouse', 'Laptop', 'External SSD', 'Laptop Bag'})"
"Laptop, Mouse",Laptop Bag,0.08954883964563073,0.6665536531615528,3.8893959277967602,0.0665249970469273,2.485025976275308,"frozenset({'Mouse', 'Laptop'})",frozenset({'Laptop Bag'})
Laptop Bag,"Laptop, Mouse",0.08954883964563073,0.5225249169435215,3.88939592779676,0.0665249970469273,1.8129824924390565,frozenset({'Laptop Bag'}),"frozenset({'Mouse', 'Laptop'})"
Keyboard,"Laptop, Mouse",0.09121136896763761,0.522300469483568,3.887725260985589,0.06774999686838738,1.8121306613415291,frozenset({'Keyboard'}),"frozenset({'Mouse', 'Laptop'})"
"Laptop, Mouse",Keyboard,0.09121136896763761,0.6789286319715205,3.8877252609855883,0.06774999686838738,2.570662414199589,"frozenset({'Mouse', 'Laptop'})",frozenset({'Keyboard'})
"Laptop Bag, Mouse, USB-C Hub",Keyboard,0.024254708601881163,0.6787762906309751,3.8868529140995673,0.01801451656531164,2.56944326957593,"frozenset({'Mouse', 'Laptop Bag', 'USB-C Hub'})",frozenset({'Keyboard'})
Keyboard,"Laptop Bag, Mouse, USB-C Hub",0.024254708601881163,0.13888888888888887,3.8868529140995673,0.01801451656531164,1.119793943338826,frozenset({'Keyboard'}),"frozenset({'Mouse', 'Laptop Bag', 'USB-C Hub'})"
"Laptop, Mouse, USB-C Hub",Keyboard,0.03598351135302558,0.6786941580756014,3.886382601322585,0.02672464133318246,2.5687864656399855,"frozenset({'Mouse', 'Laptop', 'USB-C Hub'})",frozenset({'Keyboard'})
Keyboard,"Laptop, Mouse, USB-C Hub",0.03598351135302558,0.20605112154407929,3.8863826013225844,0.02672464133318246,1.192748402808592,frozenset({'Keyboard'}),"frozenset({'Mouse', 'Laptop', 'USB-C Hub'})"
"Keyboard, Laptop, Mouse",Laptop Bag,0.06073925618893621,0.6659176029962548,3.88568452225416,0.04510771023067087,2.480294804572891,"frozenset({'Mouse', 'Laptop', 'Keyboard'})",frozenset({'Laptop Bag'})
Laptop Bag,"Keyboard, Laptop, Mouse",0.06073925618893621,0.3544186046511628,3.8856845222541594,0.04510771023067087,1.4077057325069016,frozenset({'Laptop Bag'}),"frozenset({'Mouse', 'Laptop', 'Keyboard'})"
"Laptop, Laptop Bag, Mouse",Keyboard,0.06073925618893621,0.6782807731434385,3.884015449655091,0.04510099290799845,2.565485768851624,"frozenset({'Mouse', 'Laptop', 'Laptop Bag'})",frozenset({'Keyboard'})
Keyboard,"Laptop, Laptop Bag, Mouse",0.06073925618893621,0.3478090766823161,3.8840154496550907,0.04510099290799845,1.3959887017791048,frozenset({'Keyboard'}),"frozenset({'Mouse', 'Laptop', 'Laptop Bag'})"
Laptop,Laptop Bag,0.13279737639208364,0.6647286821705427,3.878747070488553,0.09856019258536614,2.471499318677607,frozenset({'Laptop'}),frozenset({'Laptop Bag'})
Laptop Bag,Laptop,0.13279737639208364,0.7748837209302326,3.8787470704885525,0.09856019258536614,3.5547104464172627,frozenset({'Laptop Bag'}),frozenset({'Laptop'})
"Keyboard, Laptop",Laptop Bag,0.08907057778587534,0.6633310719131615,3.870591898556148,0.06605844421036161,2.461239408983763,"frozenset({'Keyboard', 'Laptop'})",frozenset({'Laptop Bag'})
Laptop Bag,"Keyboard, Laptop",0.08907057778587534,0.519734219269103,3.8705918985561474,0.06605844421036161,1.80258999082257,frozenset({'Laptop Bag'}),"frozenset({'Keyboard', 'Laptop'})"
Laptop Bag,"Laptop, USB-C Hub",0.051948347719146415,0.3031229235880399,3.870260090673813,0.038525904136006706,1.322584653834462,frozenset({'Laptop Bag'}),"frozenset({'Laptop', 'USB-C Hub'})"
"Laptop, USB-C Hub",Laptop Bag,0.051948347719146415,0.6632742076184936,3.8702600906738125,0.038525904136006706,2.460823769177822,"frozenset({'Laptop', 'USB-C Hub'})",frozenset({'Laptop Bag'})
Keyboard,"Laptop, USB-C Hub",0.052882097064383154,0.3028169014084507,3.86635281301066,0.03920458246032797,1.322004117330816,frozenset({'Keyboard'}),"frozenset({'Laptop', 'USB-C Hub'})"
"Laptop, USB-C Hub",Keyboard,0.052882097064383154,0.675196277987787,3.8663528130106597,0.03920458246032797,2.541122660027341,"frozenset({'Laptop', 'USB-C Hub'})",frozenset({'Keyboard'})
"External SSD, Laptop, Mouse",Laptop Bag,0.032840647703204356,0.6620752984389349,3.8632643560339126,0.024339896867473537,2.4520931135243154,"frozenset({'Mouse', 'Laptop', 'External SSD'})",frozenset({'Laptop Bag'})
Laptop Bag,"External SSD, Laptop, Mouse",0.032840647703204356,0.1916279069767442,3.863264356033912,0.024339896867473537,1.175693002063767,frozenset({'Laptop Bag'}),"frozenset({'Mouse', 'Laptop', 'External SSD'})"
"External SSD, Laptop Bag, Mouse",Keyboard,0.022318886788585485,0.6744666207845836,3.8621746025078614,0.016540047381870687,2.535426935498013,"frozenset({'Mouse', 'Laptop Bag', 'External SSD'})",frozenset({'Keyboard'})
Keyboard,"External SSD, Laptop Bag, Mouse",0.022318886788585485,0.1278038601982264,3.8621746025078614,0.016540047381870687,1.1085910497144977,frozenset({'Keyboard'}),"frozenset({'Mouse', 'Laptop Bag', 'External SSD'})"
"External SSD, Laptop",Laptop Bag,0.048623289075132664,0.6618102913825171,3.8617180178491624,0.0360321861384625,2.450171641754125,"frozenset({'Laptop', 'External SSD'})",frozenset({'Laptop Bag'})
Laptop Bag,"External SSD, Laptop",0.048623289075132664,0.2837209302325582,3.8617180178491624,0.0360321861384625,1.2935319593977275,frozenset({'Laptop Bag'}),"frozenset({'Laptop', 'External SSD'})"
Keyboard,Laptop,0.13427771071989797,0.7689097548252477,3.848843869655928,0.09938990667605613,3.462816824062611,frozenset({'Keyboard'}),frozenset({'Laptop'})
Laptop,Keyboard,0.13427771071989797,0.6721386228910169,3.848843869655928,0.09938990667605613,2.5174239959106224,frozenset({'Laptop'}),frozenset({'Keyboard'})
"External SSD, Keyboard, Laptop",Laptop Bag,0.03311394019449316,0.6585144927536233,3.842486759112139,0.024496099126865224,2.4265241598959224,"frozenset({'Keyboard', 'Laptop', 'External SSD'})",frozenset({'Laptop Bag'})
Laptop Bag,"External SSD, Keyboard, Laptop",0.03311394019449316,0.19322259136212627,3.8424867591121386,0.024496099126865224,1.1771700241412495,frozenset({'Laptop Bag'}),"frozenset({'Keyboard', 'Laptop', 'External SSD'})"
"Laptop, Laptop Bag",Keyboard,0.08907057778587534,0.6707254330303549,3.840751570022151,0.06587965377998822,2.5066196447007822,"frozenset({'Laptop', 'Laptop Bag'})",frozenset({'Keyboard'})
Keyboard,"Laptop, Laptop Bag",0.08907057778587534,0.5100417318727177,3.840751570022151,0.06587965377998822,1.769952014326724,frozenset({'Keyboard'}),"frozenset({'Laptop', 'Laptop Bag'})"
"External SSD, Keyboard, Laptop, Mouse",Laptop Bag,0.022318886788585485,0.6542056074766355,3.817344055640078,0.01647218120918936,2.396287653888601,"frozenset({'Mouse', 'Keyboard', 'Laptop', 'External SSD'})",frozenset({'Laptop Bag'})
Laptop Bag,"External SSD, Keyboard, Laptop, Mouse",0.022318886788585485,0.13023255813953488,3.817344055640078,0.01647218120918936,1.1105083276874401,frozenset({'Laptop Bag'}),"frozenset({'Mouse', 'Keyboard', 'Laptop', 'External SSD'})"
"External SSD, Keyboard, Mouse",Laptop Bag,0.022318886788585485,0.6490066225165563,3.787007546588634,0.016425345116430512,2.3607933560704666,"frozenset({'Keyboard', 'Mouse', 'External SSD'})",frozenset({'Laptop Bag'})
Laptop Bag,"External SSD, Keyboard, Mouse",0.022318886788585485,0.13023255813953488,3.7870075465886335,0.016425345116430512,1.1101941143953167,frozenset({'Laptop Bag'}),"frozenset({'Keyboard', 'Mouse', 'External SSD'})"
"External SSD, Laptop Bag",Keyboard,0.03318226331731536,0.6583822864889292,3.770071442024307,0.024380768749483396,2.416051818810935,"frozenset({'Laptop Bag', 'External SSD'})",frozenset({'Keyboard'})
Keyboard,"External SSD, Laptop Bag",0.03318226331731536,0.19001043296817943,3.7700714420243067,0.024380768749483396,1.1723611616520795,frozenset({'Keyboard'}),"frozenset({'Laptop Bag', 'External SSD'})"
"Laptop Bag, USB-C Hub",Keyboard,0.03543692637044797,0.6576500422654269,3.765878417557724,0.026026923592548996,2.4108841827472025,"frozenset({'Laptop Bag', 'USB-C Hub'})",frozenset({'Keyboard'})
Keyboard,"Laptop Bag, USB-C Hub",0.03543692637044797,0.20292123109024515,3.765878417557724,0.026026923592548996,1.1869790883549138,frozenset({'Keyboard'}),"frozenset({'Laptop Bag', 'USB-C Hub'})"
"Keyboard, USB-C Hub",Laptop Bag,0.03543692637044797,0.6421791167973586,3.7471684836485344,0.025979938640890685,2.315747549922571,"frozenset({'Keyboard', 'USB-C Hub'})",frozenset({'Laptop Bag'})
Laptop Bag,"Keyboard, USB-C Hub",0.03543692637044797,0.20677740863787375,3.747168483648534,0.025979938640890685,1.191112937809159,frozenset({'Laptop Bag'}),"frozenset({'Keyboard', 'USB-C Hub'})"
"External SSD, Keyboard",Laptop Bag,0.03318226331731536,0.6340295909486511,3.699615323450408,0.024213151553996067,2.2641798710872933,"frozenset({'Keyboard', 'External SSD'})",frozenset({'Laptop Bag'})
Laptop Bag,"External SSD, Keyboard",0.03318226331731536,0.19362126245847178,3.699615323450408,0.024213151553996067,1.1752101634120655,frozenset({'Laptop Bag'}),"frozenset({'Keyboard', 'External SSD'})"
"Laptop Bag, Mouse",Keyboard,0.06101254868022501,0.6438356164383562,3.6867733544851045,0.04446351167310851,2.3173740445712028,"frozenset({'Mouse', 'Laptop Bag'})",frozenset({'Keyboard'})
Keyboard,"Laptop Bag, Mouse",0.06101254868022501,0.3493740219092331,3.6867733544851036,0.04446351167310851,1.391330594117964,frozenset({'Keyboard'}),"frozenset({'Mouse', 'Laptop Bag'})"
"Keyboard, Mouse",Laptop Bag,0.06101254868022501,0.6274004683840748,3.6609338426945306,0.04434670567353512,2.2238966055432132,"frozenset({'Mouse', 'Keyboard'})",frozenset({'Laptop Bag'})
Laptop Bag,"Keyboard, Mouse",0.06101254868022501,0.35601328903654483,3.6609338426945306,0.04434670567353512,1.4018199544818928,frozenset({'Laptop Bag'}),"frozenset({'Mouse', 'Keyboard'})"
"External SSD, Mouse",Keyboard,0.0343893051538409,0.6244830438378826,3.5759553953935295,0.024772489128076017,2.197946283176971,"frozenset({'Mouse', 'External SSD'})",frozenset({'Keyboard'})
Keyboard,"External SSD, Mouse",0.0343893051538409,0.1969222743870631,3.5759553953935295,0.024772489128076017,1.1766377436058282,frozenset({'Keyboard'}),"frozenset({'Mouse', 'External SSD'})"
Laptop Bag,"Mouse, USB-C Hub",0.03573299323601084,0.20850498338870432,3.574871267323162,0.02573739043972681,1.1897419537975091,frozenset({'Laptop Bag'}),"frozenset({'Mouse', 'USB-C Hub'})"
"Mouse, USB-C Hub",Laptop Bag,0.03573299323601084,0.6126513080827801,3.5748712673231617,0.02573739043972681,2.1392168113084318,"frozenset({'Mouse', 'USB-C Hub'})",frozenset({'Laptop Bag'})
Keyboard,"Mouse, USB-C Hub",0.03623402947004031,0.20748565466875327,3.557394615716629,0.02604847701264417,1.1882117125470122,frozenset({'Keyboard'}),"frozenset({'Mouse', 'USB-C Hub'})"
"Mouse, USB-C Hub",Keyboard,0.03623402947004031,0.6212417024599766,3.5573946157166287,0.02604847701264417,2.1791366774723637,"frozenset({'Mouse', 'USB-C Hub'})",frozenset({'Keyboard'})
Laptop Bag,"External SSD, Mouse",0.03309116582021909,0.19308970099667777,3.506358842457868,0.02365369312931133,1.1710490796467279,frozenset({'Laptop Bag'}),"frozenset({'Mouse', 'External SSD'})"
"External SSD, Mouse",Laptop Bag,0.03309116582021909,0.6009098428453268,3.5063588424578676,0.02365369312931133,2.0762798047823123,"frozenset({'Mouse', 'External SSD'})",frozenset({'Laptop Bag'})
"Keyboard, Laptop, Laptop Bag, Mouse",USB-C Hub,0.024254708601881163,0.3993250843644544,3.382323520323848,0.017083688900147,1.46824450431745,"frozenset({'Mouse', 'Keyboard', 'Laptop', 'Laptop Bag'})",frozenset({'USB-C Hub'})
USB-C Hub,"Keyboard, Laptop, Laptop Bag, Mouse",0.024254708601881163,0.2054398148148148,3.382323520323848,0.017083688900147,1.1821140315407999,frozenset({'USB-C Hub'}),"frozenset({'Mouse', 'Keyboard', 'Laptop', 'Laptop Bag'})"
"Keyboard, Laptop Bag, Mouse",USB-C Hub,0.024254708601881163,0.3975363941769317,3.3671731350144474,0.017051423344683632,1.4638853455029204,"frozenset({'Mouse', 'Laptop Bag', 'Keyboard'})",frozenset({'USB-C Hub'})
USB-C Hub,"Keyboard, Laptop Bag, Mouse",0.024254708601881163,0.2054398148148148,3.367173135014447,0.017051423344683632,1.1817700771162207,frozenset({'USB-C Hub'}),"frozenset({'Mouse', 'Laptop Bag', 'Keyboard'})"
"Keyboard, Laptop, Laptop Bag",USB-C Hub,0.03536860324762577,0.39708514446433135,3.3633510046844766,0.024852720962855505,1.4627897051560736,"frozenset({'Keyboard', 'Laptop', 'Laptop Bag'})",frozenset({'USB-C Hub'})
USB-C Hub,"Keyboard, Laptop, Laptop Bag",0.03536860324762577,0.2995756172839506,3.363351004684476,0.024852720962855505,1.3005392797460815,frozenset({'USB-C Hub'}),"frozenset({'Keyboard', 'Laptop', 'Laptop Bag'})"
"Laptop, Laptop Bag, Mouse",USB-C Hub,0.03543692637044797,0.3957273652085453,3.351850478190975,0.024864579363616805,1.459502868382597,"frozenset({'Mouse', 'Laptop', 'Laptop Bag'})",frozenset({'USB-C Hub'})
USB-C Hub,"Laptop, Laptop Bag, Mouse",0.03543692637044797,0.3001543209876543,3.351850478190975,0.024864579363616805,1.3009313162285143,frozenset({'USB-C Hub'}),"frozenset({'Mouse', 'Laptop', 'Laptop Bag'})"
"Monitor, Mouse",HDMI Cable,0.030745405269990207,0.39255597557429484,3.3475898876464774,0.021561064803599997,1.4531952103692065,"frozenset({'Mouse', 'Monitor'})",frozenset({'HDMI Cable'})
HDMI Cable,"Monitor, Mouse",0.030745405269990207,0.26218683239463975,3.3475898876464774,0.021561064803599997,1.249203683722367,frozenset({'HDMI Cable'}),"frozenset({'Mouse', 'Monitor'})"
"Laptop, Mouse",USB-C Hub,0.05301874331002756,0.394643159857603,3.3426671501133276,0.03715753400349219,1.4568888716212094,"frozenset({'Mouse', 'Laptop'})",frozenset({'USB-C Hub'})
USB-C Hub,"Laptop, Mouse",0.05301874331002756,0.44907407407407407,3.342667150113327,0.03715753400349219,1.5712710646216173,frozenset({'USB-C Hub'}),"frozenset({'Mouse', 'Laptop'})"
"Keyboard, Laptop, Mouse",USB-C Hub,0.03598351135302558,0.3945068664169788,3.3415127309998307,0.02521488221712557,1.4565609333079452,"frozenset({'Mouse', 'Laptop', 'Keyboard'})",frozenset({'USB-C Hub'})
USB-C Hub,"Keyboard, Laptop, Mouse",0.03598351135302558,0.30478395061728397,3.3415127309998307,0.02521488221712557,1.3072031807080375,frozenset({'USB-C Hub'}),"frozenset({'Mouse', 'Laptop', 'Keyboard'})"
"Keyboard, Laptop",USB-C Hub,0.052882097064383154,0.39382632293080055,3.335748459407508,0.03702895414671363,1.4549256708528395,"frozenset({'Keyboard', 'Laptop'})",frozenset({'USB-C Hub'})
USB-C Hub,"Keyboard, Laptop",0.052882097064383154,0.44791666666666663,3.3357484594075077,0.03702895414671363,1.5681007503941469,frozenset({'USB-C Hub'}),"frozenset({'Keyboard', 'Laptop'})"
External SSD,"Keyboard, Laptop",0.05028581839713954,0.4472351630544866,3.3306731300134755,0.035188023917098174,1.5661674394195177,frozenset({'External SSD'}),"frozenset({'Keyboard', 'Laptop'})"
"Keyboard, Laptop",External SSD,0.05028581839713954,0.37449118046132973,3.3306731300134755,0.035188023917098174,1.4189454832364057,"frozenset({'Keyboard', 'Laptop'})",frozenset({'External SSD'})
HDMI Cable,Monitor,0.07782003689448633,0.6636240046610993,3.330179019504481,0.05445191270695671,2.3804440156176456,frozenset({'HDMI Cable'}),frozenset({'Monitor'})
Monitor,HDMI Cable,0.07782003689448633,0.3905142857142857,3.330179019504481,0.05445191270695671,1.448327214522738,frozenset({'Monitor'}),frozenset({'HDMI Cable'})
"Keyboard, Laptop, Mouse",External SSD,0.0341160126625521,0.3740324594257179,3.32659332811907,0.023860472144817083,1.417905652735051,"frozenset({'Keyboard', 'Mouse', 'Laptop'})",frozenset({'External SSD'})
External SSD,"Keyboard, Laptop, Mouse",0.0341160126625521,0.30342313145635,3.3265933281190696,0.023860472144817083,1.304649453738521,frozenset({'External SSD'}),"frozenset({'Keyboard', 'Mouse', 'Laptop'})"
USB-C Hub,Laptop,0.0783210731285158,0.6633873456790124,3.3206423804628082,0.05473495208479174,2.377281954780012,frozenset({'USB-C Hub'}),frozenset({'Laptop'})
Laptop,USB-C Hub,0.0783210731285158,0.39204286365709073,3.3206423804628082,0.05473495208479174,1.45065760567994,frozenset({'Laptop'}),frozenset({'USB-C Hub'})
USB-C Hub,"Laptop, Laptop Bag",0.051948347719146415,0.4400077160493827,3.3133765741746433,0.03626997656023682,1.5485974511827207,frozenset({'USB-C Hub'}),"frozenset({'Laptop', 'Laptop Bag'})"
"Laptop, Laptop Bag",USB-C Hub,0.051948347719146415,0.3911850454467501,3.3133765741746433,0.03626997656023682,1.4486136340235036,"frozenset({'Laptop', 'Laptop Bag'})",frozenset({'USB-C Hub'})
Screen Protector,"Case, Smartphone",0.029766107176205335,0.2590683845391477,3.311625530343359,0.02077773971029831,1.2440689601229238,frozenset({'Screen Protector'}),"frozenset({'Case', 'Smartphone'})"
"Case, Smartphone",Screen Protector,0.029766107176205335,0.3804949053857351,3.3116255303433584,0.02077773971029831,1.4287263970580304,"frozenset({'Case', 'Smartphone'})",frozenset({'Screen Protector'})
External SSD,"Keyboard, Laptop, Laptop Bag",0.03311394019449316,0.2945108365404092,3.306488448389882,0.023099103998522708,1.2912025717689157,frozenset({'External SSD'}),"frozenset({'Keyboard', 'Laptop', 'Laptop Bag'})"
"Keyboard, Laptop, Laptop Bag",External SSD,0.03311394019449316,0.37177192533878806,3.3064884483898815,0.023099103998522708,1.412803645694397,"frozenset({'Keyboard', 'Laptop', 'Laptop Bag'})",frozenset({'External SSD'})
"Screen Protector, Smartphone",Case,0.029766107176205335,0.39190404797601197,3.303535197269862,0.020755727265373777,1.4493901521179966,"frozenset({'Screen Protector', 'Smartphone'})",frozenset({'Case'})
Case,"Screen Protector, Smartphone",0.029766107176205335,0.2509118832789403,3.303535197269862,0.020755727265373777,1.2335631031510244,frozenset({'Case'}),"frozenset({'Screen Protector', 'Smartphone'})"
"Keyboard, Laptop Bag",USB-C Hub,0.03543692637044797,0.3897795591182365,3.301471963989708,0.02470325158629995,1.4452771239338442,"frozenset({'Keyboard', 'Laptop Bag'})",frozenset({'USB-C Hub'})
USB-C Hub,"Keyboard, Laptop Bag",0.03543692637044797,0.3001543209876543,3.301471963989708,0.02470325158629995,1.2989787965553594,frozenset({'USB-C Hub'}),"frozenset({'Keyboard', 'Laptop Bag'})"
Screen Protector,Smartphone,0.07595253820401285,0.6610505450941527,3.298416861879449,0.052925570605764874,2.3590110407769185,frozenset({'Screen Protector'}),frozenset({'Smartphone'})
Smartphone,Screen Protector,0.07595253820401285,0.3789772727272728,3.298416861879449,0.052925570605764874,1.425234927672192,frozenset({'Smartphone'}),frozenset({'Screen Protector'})
Smartphone,Case,0.07822997563141952,0.39034090909090907,3.290358797710257,0.054454460424427704,1.4456739800142024,frozenset({'Smartphone'}),frozenset({'Case'})
Case,Smartphone,0.07822997563141952,0.6594355922441927,3.2903587977102564,0.054454460424427704,2.3478246351613277,frozenset({'Case'}),frozenset({'Smartphone'})
"External SSD, Laptop",USB-C Hub,0.028536290965405726,0.38840669559826413,3.2898436722654667,0.01986223413833621,1.4420328630411579,"frozenset({'Laptop', 'External SSD'})",frozenset({'USB-C Hub'})
USB-C Hub,"External SSD, Laptop",0.028536290965405726,0.24170524691358025,3.2898436722654667,0.01986223413833621,1.2218597910913775,frozenset({'USB-C Hub'}),"frozenset({'Laptop', 'External SSD'})"
Wireless Charger,Smartphone,0.07579311758409438,0.6587490102929533,3.286932987835601,0.05273419978303416,2.3431009154717213,frozenset({'Wireless Charger'}),frozenset({'Smartphone'})
Smartphone,Wireless Charger,0.07579311758409438,0.3781818181818182,3.2869329878356006,0.05273419978303416,1.4231553322867776,frozenset({'Smartphone'}),frozenset({'Wireless Charger'})
"Chair, Desk",Desk Lamp,0.030449338404427338,0.3891152502910361,3.2850723947373783,0.02118033768066655,1.443071675664787,"frozenset({'Chair', 'Desk'})",frozenset({'Desk Lamp'})
Desk Lamp,"Chair, Desk",0.030449338404427338,0.2570659488559892,3.285072394737378,0.02118033768066655,1.2406851571481334,frozenset({'Desk Lamp'}),"frozenset({'Chair', 'Desk'})"
"Monitor, Monitor Arm",HDMI Cable,0.028969004076612997,0.385221078134464,3.285040264091315,0.02015054166893039,1.4358572089364852,"frozenset({'Monitor', 'Monitor Arm'})",frozenset({'HDMI Cable'})
HDMI Cable,"Monitor, Monitor Arm",0.028969004076612997,0.2470382598562828,3.285040264091315,0.02015054166893039,1.22821514937866,frozenset({'HDMI Cable'}),"frozenset({'Monitor', 'Monitor Arm'})"
External SSD,"Laptop, Mouse",0.049602587168917536,0.44115859833907234,3.283748583568457,0.0344971106360539,1.5490154515833603,frozenset({'External SSD'}),"frozenset({'Mouse', 'Laptop'})"
"Laptop, Mouse",External SSD,0.049602587168917536,0.36921512120698424,3.283748583568457,0.0344971106360539,1.4070770306150204,"frozenset({'Mouse', 'Laptop'})",frozenset({'External SSD'})
Desk Lamp,Desk,0.07848049374843426,0.6625648913670448,3.279143576987778,0.054547264871482655,2.364738377915631,frozenset({'Desk Lamp'}),frozenset({'Desk'})
Desk,Desk Lamp,0.07848049374843426,0.3884129846708746,3.279143576987778,0.054547264871482655,1.4414146430597,frozenset({'Desk'}),frozenset({'Desk Lamp'})
Screen Protector,"Smartphone, Wireless Charger",0.02851351659113166,0.24816650148662045,3.2742616928413515,0.019805136117612424,1.2292706885811349,frozenset({'Screen Protector'}),"frozenset({'Smartphone', 'Wireless Charger'})"
"Smartphone, Wireless Charger",Screen Protector,0.02851351659113166,0.3762019230769231,3.274261692841351,0.019805136117612424,1.418893892961582,"frozenset({'Smartphone', 'Wireless Charger'})",frozenset({'Screen Protector'})
"Monitor, Mouse",Monitor Arm,0.029879979047575667,0.38150625181738873,3.2730672159143652,0.02075093369760769,1.4283745875544223,"frozenset({'Mouse', 'Monitor'})",frozenset({'Monitor Arm'})
Monitor Arm,"Monitor, Mouse",0.029879979047575667,0.2563501367721766,3.2730672159143652,0.02075093369760769,1.2393990403910289,frozenset({'Monitor Arm'}),"frozenset({'Mouse', 'Monitor'})"
Laptop,External SSD,0.07347013140813956,0.3677610579115367,3.270816344305786,0.05100780895581207,1.4038409454455016,frozenset({'Laptop'}),frozenset({'External SSD'})
External SSD,Laptop,0.07347013140813956,0.653433259064209,3.2708163443057856,0.05100780895581207,2.3090016852371433,frozenset({'External SSD'}),frozenset({'Laptop'})
External SSD,"Keyboard, Laptop, Laptop Bag, Mouse",0.022318886788585485,0.19850111403686452,3.268086020339214,0.015489541829584414,1.1718802861246456,frozenset({'External SSD'}),"frozenset({'Mouse', 'Keyboard', 'Laptop', 'Laptop Bag'})"
"Keyboard, Laptop, Laptop Bag, Mouse",External SSD,0.022318886788585485,0.3674540682414698,3.2680860203392137,0.015489541829584414,1.4031596278572742,"frozenset({'Mouse', 'Keyboard', 'Laptop', 'Laptop Bag'})",frozenset({'External SSD'})
Printer Paper,Printer,0.07615750757247945,0.6485647788983708,3.267679962897139,0.05285121428880124,2.280708591725703,frozenset({'Printer Paper'}),frozenset({'Printer'})
Printer,Printer Paper,0.07615750757247945,0.3837062535857717,3.267679962897139,0.05285121428880124,1.4320692549258935,frozenset({'Printer'}),frozenset({'Printer Paper'})
"Desk, Desk Lamp",Chair,0.030449338404427338,0.3879860708067325,3.264867838837259,0.021122976693176115,1.4397765688101802,"frozenset({'Desk Lamp', 'Desk'})",frozenset({'Chair'})
Chair,"Desk, Desk Lamp",0.030449338404427338,0.25622844001533157,3.264867838837259,0.021122976693176115,1.2389819076579929,frozenset({'Chair'}),"frozenset({'Desk Lamp', 'Desk'})"
Wireless Charger,"Screen Protector, Smartphone",0.02851351659113166,0.24782264449722885,3.2628619182095417,0.019774710810843497,1.2284967834192968,frozenset({'Wireless Charger'}),"frozenset({'Screen Protector', 'Smartphone'})"
"Screen Protector, Smartphone",Wireless Charger,0.02851351659113166,0.37541229385307345,3.2628619182095413,0.019774710810843497,1.4168448281292978,"frozenset({'Screen Protector', 'Smartphone'})",frozenset({'Wireless Charger'})
"Laptop, Laptop Bag, Mouse",External SSD,0.032840647703204356,0.36673448626653105,3.261686157074562,0.022772037137477993,1.4015652123170768,"frozenset({'Mouse', 'Laptop', 'Laptop Bag'})",frozenset({'External SSD'})
External SSD,"Laptop, Laptop Bag, Mouse",0.032840647703204356,0.2920802106542435,3.261686157074562,0.022772037137477993,1.2860936705778314,frozenset({'External SSD'}),"frozenset({'Mouse', 'Laptop', 'Laptop Bag'})"
Chair,Desk,0.0782527500056936,0.6584898428516673,3.258975485772527,0.05424129292437588,2.3365212856433337,frozenset({'Chair'}),frozenset({'Desk'})
Desk,Chair,0.0782527500056936,0.38728584310189357,3.258975485772527,0.05424129292437588,1.438131149929437,frozenset({'Desk'}),frozenset({'Chair'})
"Ink Cartridge, Printer",Printer Paper,0.028445193468309458,0.38254211332312404,3.257766030625495,0.019713690591521234,1.4293692659638422,"frozenset({'Ink Cartridge', 'Printer'})",frozenset({'Printer Paper'})
Printer Paper,"Ink Cartridge, Printer",0.028445193468309458,0.24224204809930178,3.257766030625495,0.019713690591521234,1.2215532224681611,frozenset({'Printer Paper'}),"frozenset({'Ink Cartridge', 'Printer'})"
External SSD,"Laptop, Laptop Bag",0.048623289075132664,0.432448855580312,3.2564563196151464,0.033691939072907226,1.5279726455218714,frozenset({'External SSD'}),"frozenset({'Laptop', 'Laptop Bag'})"
"Laptop, Laptop Bag",External SSD,0.048623289075132664,0.36614645858343337,3.2564563196151464,0.033691939072907226,1.4002649763940158,"frozenset({'Laptop', 'Laptop Bag'})",frozenset({'External SSD'})
"Keyboard, Laptop Bag, Mouse",External SSD,0.022318886788585485,0.36580813736468837,3.2534473371574038,0.01545881361829532,1.3995179794971921,"frozenset({'Keyboard', 'Mouse', 'Laptop Bag'})",frozenset({'External SSD'})
External SSD,"Keyboard, Laptop Bag, Mouse",0.022318886788585485,0.19850111403686452,3.2534473371574038,0.01545881361829532,1.1715393093671291,frozenset({'External SSD'}),"frozenset({'Keyboard', 'Mouse', 'Laptop Bag'})"
"Keyboard, Laptop Bag",External SSD,0.03318226331731536,0.3649799599198397,3.2460816406968287,0.02296001169514353,1.3976927627305946,"frozenset({'Keyboard', 'Laptop Bag'})",frozenset({'External SSD'})
External SSD,"Keyboard, Laptop Bag",0.03318226331731536,0.2951184930119506,3.2460816406968283,0.02296001169514353,1.2896986073339245,frozenset({'External SSD'}),"frozenset({'Keyboard', 'Laptop Bag'})"
"Laptop, USB-C Hub",External SSD,0.028536290965405726,0.3643501017737714,3.2404797688443447,0.019730097746806292,1.3963078051072813,"frozenset({'Laptop', 'USB-C Hub'})",frozenset({'External SSD'})
External SSD,"Laptop, USB-C Hub",0.028536290965405726,0.2537978529471339,3.2404797688443447,0.019730097746806292,1.2351598430956887,frozenset({'External SSD'}),"frozenset({'Laptop', 'USB-C Hub'})"
Monitor,Monitor Arm,0.07520098385296864,0.3773714285714286,3.237593211634009,0.05197354947895881,1.4188888737282679,frozenset({'Monitor'}),frozenset({'Monitor Arm'})
Monitor Arm,Monitor,0.07520098385296864,0.6451738960531457,3.2375932116340085,0.05197354947895881,2.2566666211848028,frozenset({'Monitor Arm'}),frozenset({'Monitor'})
Ink Cartridge,Printer,0.07435833200482816,0.6389432485322897,3.2192035685374996,0.05125996918877005,2.2199317003304633,frozenset({'Ink Cartridge'}),frozenset({'Printer'})
Printer,Ink Cartridge,0.07435833200482816,0.37464142283419394,3.2192035685374996,0.05125996918877005,1.4129860526806794,frozenset({'Printer'}),frozenset({'Ink Cartridge'})
"Printer, Printer Paper",Ink Cartridge,0.028445193468309458,0.3735047846889952,3.209436710549724,0.019582207208194903,1.4104224994294174,"frozenset({'Printer Paper', 'Printer'})",frozenset({'Ink Cartridge'})
Ink Cartridge,"Printer, Printer Paper",0.028445193468309458,0.24442270058708415,3.209436710549724,0.019582207208194903,1.2226975230004222,frozenset({'Ink Cartridge'}),"frozenset({'Printer Paper', 'Printer'})"
"Laptop Bag, Mouse",USB-C Hub,0.03573299323601084,0.37707281903388606,3.193844600879418,0.024544911879087014,1.41579573136529,"frozenset({'Mouse', 'Laptop Bag'})",frozenset({'USB-C Hub'})
USB-C Hub,"Laptop Bag, Mouse",0.03573299323601084,0.30266203703703703,3.193844600879418,0.024544911879087014,1.2981307152693862,frozenset({'USB-C Hub'}),"frozenset({'Mouse', 'Laptop Bag'})"
"HDMI Cable, Monitor",Monitor Arm,0.028969004076612997,0.37225636523266026,3.1937094062135363,0.0198983591330711,1.4073272965846244,"frozenset({'HDMI Cable', 'Monitor'})",frozenset({'Monitor Arm'})
Monitor Arm,"HDMI Cable, Monitor",0.028969004076612997,0.2485345838218054,3.1937094062135363,0.0198983591330711,1.227175520326058,frozenset({'Monitor Arm'}),"frozenset({'HDMI Cable', 'Monitor'})"
"Keyboard, Mouse",USB-C Hub,0.03623402947004031,0.3725995316159251,3.1559554077399024,0.024752869317657536,1.4057012836390537,"frozenset({'Mouse', 'Keyboard'})",frozenset({'USB-C Hub'})
USB-C Hub,"Keyboard, Mouse",0.03623402947004031,0.3069058641975309,3.1559554077399024,0.024752869317657536,1.3024975616111951,frozenset({'USB-C Hub'}),"frozenset({'Mouse', 'Keyboard'})"
"Keyboard, Mouse",External SSD,0.0343893051538409,0.35362997658079626,3.145136447576703,0.02345518330347173,1.3731498708957028,"frozenset({'Mouse', 'Keyboard'})",frozenset({'External SSD'})
External SSD,"Keyboard, Mouse",0.0343893051538409,0.30585375734251574,3.145136447576703,0.02345518330347173,1.3005233859562708,frozenset({'External SSD'}),"frozenset({'Mouse', 'Keyboard'})"
"Laptop Bag, Mouse",External SSD,0.03309116582021909,0.34919490507089646,3.1056915306376327,0.02243615855572586,1.363792203110549,"frozenset({'Mouse', 'Laptop Bag'})",frozenset({'External SSD'})
External SSD,"Laptop Bag, Mouse",0.03309116582021909,0.2943082843832287,3.1056915306376327,0.02243615855572586,1.2827638593637678,frozenset({'External SSD'}),"frozenset({'Mouse', 'Laptop Bag'})"
Case,"Smartphone, Wireless Charger",0.027807510988635587,0.23440199654444233,3.0926554285666823,0.018816043419445955,1.207169922393293,frozenset({'Case'}),"frozenset({'Smartphone', 'Wireless Charger'})"
"Smartphone, Wireless Charger",Case,0.027807510988635587,0.3668870192307692,3.092655428566682,0.018816043419445955,1.392118486238468,"frozenset({'Smartphone', 'Wireless Charger'})",frozenset({'Case'})
"Case, Smartphone",Wireless Charger,0.027807510988635587,0.3554585152838428,3.0894354607280787,0.018806672051517197,1.3729820068247824,"frozenset({'Case', 'Smartphone'})",frozenset({'Wireless Charger'})
Wireless Charger,"Case, Smartphone",0.027807510988635587,0.24168646080760095,3.0894354607280787,0.018806672051517197,1.2155526398094672,frozenset({'Wireless Charger'}),"frozenset({'Case', 'Smartphone'})"
Laptop Bag,Keyboard,0.09091530210207474,0.5304983388704319,3.037774069048225,0.0609870388291712,1.757962040178341,frozenset({'Laptop Bag'}),frozenset({'Keyboard'})
Keyboard,Laptop Bag,0.09091530210207474,0.5206051121544079,3.037774069048225,0.0609870388291712,1.7284765745239603,frozenset({'Keyboard'}),frozenset({'Laptop Bag'})
"Keyboard, Laptop, Laptop Bag, USB-C Hub",Mouse,0.024254708601881163,0.6857694784288474,2.8165234335733103,0.015643131537489648,2.4075292268025263,"frozenset({'Keyboard', 'Laptop', 'USB-C Hub', 'Laptop Bag'})",frozenset({'Mouse'})
Mouse,"Keyboard, Laptop, Laptop Bag, USB-C Hub",0.024254708601881163,0.09961649985969506,2.81652343357331,0.015643131537489648,1.0713561461333505,frozenset({'Mouse'}),"frozenset({'Keyboard', 'Laptop', 'USB-C Hub', 'Laptop Bag'})"
"Keyboard, Laptop Bag, USB-C Hub",Mouse,0.024254708601881163,0.6844473007712082,2.8110931184700196,0.015626496166470216,2.3974415889481477,"frozenset({'Keyboard', 'Laptop Bag', 'USB-C Hub'})",frozenset({'Mouse'})
Mouse,"Keyboard, Laptop Bag, USB-C Hub",0.024254708601881163,0.09961649985969506,2.8110931184700196,0.015626496166470216,1.0712802638867174,frozenset({'Mouse'}),"frozenset({'Keyboard', 'Laptop Bag', 'USB-C Hub'})"
"Laptop, Laptop Bag, USB-C Hub",Mouse,0.03543692637044797,0.6821569487067076,2.8016864148127234,0.022788499272008145,2.3801658131511805,"frozenset({'Laptop', 'USB-C Hub', 'Laptop Bag'})",frozenset({'Mouse'})
Mouse,"Laptop, Laptop Bag, USB-C Hub",0.03543692637044797,0.14554298007670002,2.801686414812723,0.022788499272008145,1.1095369692977126,frozenset({'Mouse'}),"frozenset({'Laptop', 'USB-C Hub', 'Laptop Bag'})"
"Keyboard, Laptop, Laptop Bag",Mouse,0.06073925618893621,0.681922781897213,2.800724668443057,0.039052277503272836,2.3784135473401986,"frozenset({'Keyboard', 'Laptop', 'Laptop Bag'})",frozenset({'Mouse'})
Mouse,"Keyboard, Laptop, Laptop Bag",0.06073925618893621,0.24946216443737723,2.800724668443057,0.039052277503272836,1.2137022000113666,frozenset({'Mouse'}),"frozenset({'Keyboard', 'Laptop', 'Laptop Bag'})"
"Keyboard, Laptop, USB-C Hub",Mouse,0.03598351135302558,0.6804478897502154,2.7946671397476575,0.023107734183986876,2.367435984211159,"frozenset({'Keyboard', 'Laptop', 'USB-C Hub'})",frozenset({'Mouse'})
Mouse,"Keyboard, Laptop, USB-C Hub",0.03598351135302558,0.14778785894677765,2.794667139747657,0.023107734183986876,1.1113640105679594,frozenset({'Mouse'}),"frozenset({'Keyboard', 'Laptop', 'USB-C Hub'})"
"Keyboard, Laptop",Mouse,0.09121136896763761,0.6792740841248304,2.789846203333381,0.05851731979078482,2.358771546638588,"frozenset({'Keyboard', 'Laptop'})",frozenset({'Mouse'})
Mouse,"Keyboard, Laptop",0.09121136896763761,0.3746141614442054,2.789846203333381,0.05851731979078482,1.3843010760833936,frozenset({'Mouse'}),"frozenset({'Keyboard', 'Laptop'})"
"External SSD, Keyboard, Laptop",Mouse,0.0341160126625521,0.6784420289855072,2.786428870145415,0.02187237959225173,2.35266805002279,"frozenset({'Keyboard', 'Laptop', 'External SSD'})",frozenset({'Mouse'})
Mouse,"External SSD, Keyboard, Laptop",0.0341160126625521,0.14011785614067906,2.786428870145415,0.02187237959225173,1.1044701746455108,frozenset({'Mouse'}),"frozenset({'Keyboard', 'Laptop', 'External SSD'})"
"Laptop, USB-C Hub",Mouse,0.05301874331002756,0.6769409712125618,2.7802638766226146,0.03394906299808781,2.341736640128747,"frozenset({'Laptop', 'USB-C Hub'})",frozenset({'Mouse'})
Mouse,"Laptop, USB-C Hub",0.05301874331002756,0.21775325039753063,2.7802638766226146,0.03394906299808781,1.1782457739068561,frozenset({'Mouse'}),"frozenset({'Laptop', 'USB-C Hub'})"
"External SSD, Laptop, Laptop Bag",Mouse,0.032840647703204356,0.6754098360655738,2.7739753523340456,0.021001808661043446,2.330690355696619,"frozenset({'Laptop', 'External SSD', 'Laptop Bag'})",frozenset({'Mouse'})
Mouse,"External SSD, Laptop, Laptop Bag",0.032840647703204356,0.13487980544383127,2.773975352334045,0.021001808661043446,1.0997046617469735,frozenset({'Mouse'}),"frozenset({'Laptop', 'External SSD', 'Laptop Bag'})"
"External SSD, Laptop",Mouse,0.049602587168917536,0.6751394916305022,2.7728650208590144,0.031714018199357305,2.328750787324027,"frozenset({'Laptop', 'External SSD'})",frozenset({'Mouse'})
Mouse,"External SSD, Laptop",0.049602587168917536,0.2037227574595454,2.772865020859014,0.031714018199357305,1.163576979339314,frozenset({'Mouse'}),"frozenset({'Laptop', 'External SSD'})"
Mouse,"Laptop, Laptop Bag",0.08954883964563073,0.3677859882143859,2.769527517836644,0.057215223507532255,1.3716915592531784,frozenset({'Mouse'}),"frozenset({'Laptop', 'Laptop Bag'})"
"Laptop, Laptop Bag",Mouse,0.08954883964563073,0.6743268736065854,2.7695275178366434,0.057215223507532255,2.322940099521976,"frozenset({'Laptop', 'Laptop Bag'})",frozenset({'Mouse'})
"External SSD, Keyboard, Laptop, Laptop Bag",Mouse,0.022318886788585485,0.6740027510316369,2.7681963141940082,0.014256276967835152,2.3206305176807462,"frozenset({'Keyboard', 'Laptop', 'External SSD', 'Laptop Bag'})",frozenset({'Mouse'})
Mouse,"External SSD, Keyboard, Laptop, Laptop Bag",0.022318886788585485,0.09166588719483677,2.768196314194008,0.014256276967835152,1.0644608037669316,frozenset({'Mouse'}),"frozenset({'Keyboard', 'Laptop', 'External SSD', 'Laptop Bag'})"
"External SSD, Keyboard, Laptop Bag",Mouse,0.022318886788585485,0.6726149622512011,2.7624965276857156,0.014239641596815723,2.3107933393597095,"frozenset({'Keyboard', 'Laptop Bag', 'External SSD'})",frozenset({'Mouse'})
Mouse,"External SSD, Keyboard, Laptop Bag",0.022318886788585485,0.09166588719483677,2.7624965276857156,0.014239641596815723,1.0643855857146105,frozenset({'Mouse'}),"frozenset({'Keyboard', 'Laptop Bag', 'External SSD'})"
Laptop,Mouse,0.13434603384272018,0.6724806201550387,2.7619447713392193,0.08570420898190731,2.3098454967582898,frozenset({'Laptop'}),frozenset({'Mouse'})
Mouse,Laptop,0.13434603384272018,0.5517725189411654,2.7619447713392193,0.08570420898190731,1.7853059499554607,frozenset({'Mouse'}),frozenset({'Laptop'})
"Keyboard, Laptop Bag",Mouse,0.06101254868022501,0.6710921843687375,2.7562423275135064,0.038876414977037026,2.300094825001309,"frozenset({'Keyboard', 'Laptop Bag'})",frozenset({'Mouse'})
Mouse,"Keyboard, Laptop Bag",0.06101254868022501,0.25058460387241605,2.7562423275135064,0.038876414977037026,1.2130584754401794,frozenset({'Mouse'}),"frozenset({'Keyboard', 'Laptop Bag'})"
Mouse,"Laptop Bag, USB-C Hub",0.03573299323601084,0.14675895613132542,2.723600593732193,0.022613230625353836,1.108849412796389,frozenset({'Mouse'}),"frozenset({'Laptop Bag', 'USB-C Hub'})"
"Laptop Bag, USB-C Hub",Mouse,0.03573299323601084,0.6631445477599324,2.7236005937321925,0.022613230625353836,2.2458272817172666,"frozenset({'Laptop Bag', 'USB-C Hub'})",frozenset({'Mouse'})
"External SSD, Keyboard",Mouse,0.0343893051538409,0.6570931244560488,2.6987467965335936,0.02164661095295764,2.206194213621088,"frozenset({'Keyboard', 'External SSD'})",frozenset({'Mouse'})
Mouse,"External SSD, Keyboard",0.0343893051538409,0.1412402955757179,2.6987467965335936,0.02164661095295764,1.103526962240869,frozenset({'Mouse'}),"frozenset({'Keyboard', 'External SSD'})"
"Keyboard, USB-C Hub",Mouse,0.03623402947004031,0.6566240198101527,2.696820137110092,0.02279819481001414,2.203180211433787,"frozenset({'Keyboard', 'USB-C Hub'})",frozenset({'Mouse'})
Mouse,"Keyboard, USB-C Hub",0.03623402947004031,0.1488167617622299,2.696820137110092,0.02279819481001414,1.1100050479025176,frozenset({'Mouse'}),"frozenset({'Keyboard', 'USB-C Hub'})"
"External SSD, Laptop Bag",Mouse,0.03309116582021909,0.656574785359241,2.696617926324844,0.020819807131553007,2.202864357025476,"frozenset({'Laptop Bag', 'External SSD'})",frozenset({'Mouse'})
Mouse,"External SSD, Laptop Bag",0.03309116582021909,0.13590870825928353,2.696617926324844,0.020819807131553007,1.0989583147152373,frozenset({'Mouse'}),"frozenset({'Laptop Bag', 'External SSD'})"
USB-C Hub,Keyboard,0.05518230886606391,0.4673996913580247,2.676454492415168,0.03456461892496996,1.5496913626861668,frozenset({'USB-C Hub'}),frozenset({'Keyboard'})
Keyboard,USB-C Hub,0.05518230886606391,0.3159885237350026,2.6764544924151674,0.03456461892496996,1.2893608870117266,frozenset({'Keyboard'}),frozenset({'USB-C Hub'})
External SSD,Keyboard,0.05233551208180555,0.46546485720072917,2.665375119304488,0.032700185068074684,1.5440820106684696,frozenset({'External SSD'}),frozenset({'Keyboard'})
Keyboard,External SSD,0.05233551208180555,0.29968701095461653,2.665375119304488,0.032700185068074684,1.2673803400659387,frozenset({'Keyboard'}),frozenset({'External SSD'})
USB-C Hub,Laptop Bag,0.05388416953244209,0.4564043209876543,2.6631571202985933,0.033650977460619985,1.524336681802116,frozenset({'USB-C Hub'}),frozenset({'Laptop Bag'})
Laptop Bag,USB-C Hub,0.05388416953244209,0.3144186046511628,2.6631571202985933,0.033650977460619985,1.28640836776863,frozenset({'Laptop Bag'}),frozenset({'USB-C Hub'})
External SSD,Laptop Bag,0.05039969026850987,0.4482479238403889,2.615563865502676,0.03113054110597404,1.5018028375265104,frozenset({'External SSD'}),frozenset({'Laptop Bag'})
Laptop Bag,External SSD,0.05039969026850987,0.2940863787375415,2.615563865502676,0.03113054110597404,1.2573250996653265,frozenset({'Laptop Bag'}),frozenset({'External SSD'})
External SSD,USB-C Hub,0.030677082147168005,0.27283775572209845,2.31096315895093,0.017402494870279533,1.2128485089858227,frozenset({'External SSD'}),frozenset({'USB-C Hub'})
USB-C Hub,External SSD,0.030677082147168005,0.25983796296296297,2.31096315895093,0.017402494870279533,1.1991467675942413,frozenset({'USB-C Hub'}),frozenset({'External SSD'})
Screen Protector,Case,0.03149695962103441,0.2741328047571853,2.3107885052953065,0.01786656482338967,1.2142280160650512,frozenset({'Screen Protector'}),frozenset({'Case'})
Case,Screen Protector,0.03149695962103441,0.265502015741985,2.310788505295306,0.01786656482338967,1.2050452155855245,frozenset({'Case'}),frozenset({'Screen Protector'})
Screen Protector,Wireless Charger,0.030540435901523607,0.26580773042616457,2.3102437916236065,0.01732086313943852,1.2053298541008655,frozenset({'Screen Protector'}),frozenset({'Wireless Charger'})
Wireless Charger,Screen Protector,0.030540435901523607,0.2654394299287411,2.310243791623606,0.01732086313943852,1.2049425436781476,frozenset({'Wireless Charger'}),frozenset({'Screen Protector'})
Keyboard,Mouse,0.09724657815026533,0.5568596765779864,2.2870780599441405,0.05472656982460264,1.7071774439165617,frozenset({'Keyboard'}),frozenset({'Mouse'})
Mouse,Keyboard,0.09724657815026533,0.39940136563464596,2.2870780599441405,0.05472656982460264,1.3742390522392895,frozenset({'Mouse'}),frozenset({'Keyboard'})
Desk Lamp,Chair,0.03206631897788608,0.27071716977504323,2.2780605993967753,0.017990170614503143,1.2082600584002685,frozenset({'Desk Lamp'}),frozenset({'Chair'})
Chair,Desk Lamp,0.03206631897788608,0.2698351858949789,2.2780605993967753,0.017990170614503143,1.2073308140452017,frozenset({'Chair'}),frozenset({'Desk Lamp'})
Laptop Bag,Mouse,0.09476417135439204,0.5529568106312293,2.2710486014410853,0.05303711571398884,1.6922731016306587,frozenset({'Laptop Bag'}),frozenset({'Mouse'})
Mouse,Laptop Bag,0.09476417135439204,0.38920587409971,2.2710486014410853,0.05303711571398884,1.3566319623101892,frozenset({'Mouse'}),frozenset({'Laptop Bag'})
Monitor Arm,HDMI Cable,0.030950374638456808,0.26553341148886284,2.264382708305395,0.017282024970825198,1.2018718899824323,frozenset({'Monitor Arm'}),frozenset({'HDMI Cable'})
HDMI Cable,Monitor Arm,0.030950374638456808,0.263934744610604,2.2643827083053947,0.017282024970825198,1.2002206951039482,frozenset({'HDMI Cable'}),frozenset({'Monitor Arm'})
Ink Cartridge,Printer Paper,0.03079095401853834,0.2645792563600783,2.253182809836051,0.017125416591160757,1.2000957735767104,frozenset({'Ink Cartridge'}),frozenset({'Printer Paper'})
Printer Paper,Ink Cartridge,0.03079095401853834,0.2622187742435997,2.2531828098360505,0.017125416591160757,1.1976761085965504,frozenset({'Printer Paper'}),frozenset({'Ink Cartridge'})
Wireless Charger,Case,0.029675009679109066,0.2579176563737134,2.1741037384744444,0.016025702539822398,1.1876960717047376,frozenset({'Wireless Charger'}),frozenset({'Case'})
Case,Wireless Charger,0.029675009679109066,0.250143981570359,2.1741037384744444,0.016025702539822398,1.1801517083515263,frozenset({'Case'}),frozenset({'Wireless Charger'})
USB-C Hub,Mouse,0.05832517251588513,0.4940200617283951,2.028989513649995,0.029579251394310353,1.4951564428031923,frozenset({'USB-C Hub'}),frozenset({'Mouse'})
Mouse,USB-C Hub,0.05832517251588513,0.23954728276120102,2.028989513649995,0.029579251394310353,1.1597534255194064,frozenset({'Mouse'}),frozenset({'USB-C Hub'})
External SSD,Mouse,0.05506843699469357,0.4897711160623861,2.011538671329465,0.027692161420385185,1.4827054846398147,frozenset({'External SSD'}),frozenset({'Mouse'})
Mouse,External SSD,0.05506843699469357,0.22617154616032176,2.011538671329465,0.027692161420385185,1.1469763224716176,frozenset({'Mouse'}),frozenset({'External SSD'})
"Monitor, Monitor Arm",Mouse,0.029879979047575667,0.3973349485160509,1.6318941403415281,0.011569980678856548,1.2552895887577449,"frozenset({'Monitor', 'Monitor Arm'})",frozenset({'Mouse'})
Mouse,"Monitor, Monitor Arm",0.029879979047575667,0.12272004489757739,1.6318941403415281,0.011569980678856548,1.0541663590604449,frozenset({'Mouse'}),"frozenset({'Monitor', 'Monitor Arm'})"
"HDMI Cable, Monitor",Mouse,0.030745405269990207,0.39508340649692714,1.622646833399455,0.01179771767885961,1.2506173128016673,"frozenset({'HDMI Cable', 'Monitor'})",frozenset({'Mouse'})
Mouse,"HDMI Cable, Monitor",0.030745405269990207,0.12627443644186698,1.6226468333994548,0.01179771767885961,1.0554572300140292,frozenset({'Mouse'}),"frozenset({'HDMI Cable', 'Monitor'})"
Monitor,Mouse,0.0783210731285158,0.39302857142857145,1.6142074214626456,0.029801240988512077,1.2463834853256595,frozenset({'Monitor'}),frozenset({'Mouse'})
Mouse,Monitor,0.0783210731285158,0.32167243475820784,1.6142074214626454,0.029801240988512077,1.180438870734222,frozenset({'Mouse'}),frozenset({'Monitor'})
HDMI Cable,Mouse,0.03889863126010613,0.33171489609632937,1.362386060489545,0.010346789467091368,1.1320305663209866,frozenset({'HDMI Cable'}),frozenset({'Mouse'})
Mouse,HDMI Cable,0.03889863126010613,0.15976054625385838,1.362386060489545,0.010346789467091368,1.05057521748976,frozenset({'Mouse'}),frozenset({'HDMI Cable'})
Mouse,Monitor Arm,0.038374820651802595,0.15760920400336734,1.3521810352840673,0.009994877692655276,1.048730300311659,frozenset({'Mouse'}),frozenset({'Monitor Arm'})
Monitor Arm,Mouse,0.038374820651802595,0.3292301680343884,1.352181035284067,0.009994877692655276,1.1278371933023013,frozenset({'Monitor Arm'}),frozenset({'Mouse'})
